Date,compound,neg,neu,pos,Close
3-Jan-11,-0.8934,0.172,0.746,0.082,119.49
4-Jan-11,-0.6996,0.133,0.806,0.06,121.87
5-Jan-11,-0.9442,0.319,0.638,0.044,124.93
6-Jan-11,-0.7906,0.179,0.726,0.094,124.98
7-Jan-11,-0.5859,0.14,0.766,0.094,124.99
10-Jan-11,-0.9723,0.272,0.667,0.062,123.56
11-Jan-11,-0.9578,0.225,0.674,0.101,123.01
12-Jan-11,-0.3818,0.125,0.757,0.118,127.87
13-Jan-11,-0.7184,0.121,0.783,0.096,127.6
14-Jan-11,-0.872,0.154,0.771,0.074,126.7
17-Jan-11,-0.5994,0.143,0.752,0.104,126.79
18-Jan-11,-0.7506,0.167,0.776,0.057,125.58
19-Jan-11,-0.765,0.142,0.784,0.074,124.49
20-Jan-11,-0.875,0.162,0.787,0.051,123.03
21-Jan-11,-0.8689,0.124,0.835,0.041,123.8
24-Jan-11,-0.8316,0.134,0.786,0.08,123.58
25-Jan-11,-0.6486,0.11,0.812,0.077,123.5
26-Jan-11,-0.9201,0.203,0.755,0.042,122.16
27-Jan-11,-0.9172,0.193,0.774,0.032,123.62
28-Jan-11,-0.936,0.209,0.735,0.056,123.82
31-Jan-11,-0.9153,0.164,0.739,0.097,123.04
1-Feb-11,-0.9628,0.167,0.769,0.064,122.33
2-Feb-11,-0.9744,0.238,0.715,0.046,124.71
3-Feb-11,-0.9568,0.191,0.768,0.041,124.03
4-Feb-11,-0.959,0.181,0.792,0.028,124.37
7-Feb-11,-0.9128,0.198,0.734,0.067,124.86
8-Feb-11,-0.9081,0.135,0.81,0.055,124.93
9-Feb-11,-0.9823,0.279,0.658,0.062,123.48
10-Feb-11,-0.9531,0.181,0.777,0.041,123.13
11-Feb-11,-0.93,0.227,0.679,0.095,122.15
14-Feb-11,-0.8074,0.16,0.712,0.128,122.15
15-Feb-11,-0.9658,0.148,0.814,0.038,123.28
17-Feb-11,-0.9802,0.197,0.803,0,124.96
18-Feb-11,-0.296,0.085,0.855,0.06,123.16
21-Feb-11,-0.9413,0.133,0.824,0.043,121.73
22-Feb-11,-0.4019,0.108,0.792,0.1,119.25
23-Feb-11,-0.9118,0.148,0.784,0.068,117.77
24-Feb-11,-0.9836,0.23,0.701,0.07,118.79
25-Feb-11,-0.9489,0.172,0.756,0.072,116.74
28-Feb-11,-0.9601,0.129,0.846,0.025,119.2
1-Mar-11,-0.9287,0.178,0.699,0.123,122.15
2-Mar-11,-0.8169,0.129,0.778,0.093,122.18
3-Mar-11,-0.9732,0.189,0.74,0.071,123
4-Mar-11,-0.959,0.213,0.691,0.095,129.14
7-Mar-11,-0.9747,0.2,0.744,0.056,127.15
8-Mar-11,-0.9911,0.279,0.656,0.065,126.59
9-Mar-11,-0.9774,0.225,0.734,0.041,127.76
10-Mar-11,-0.9661,0.172,0.777,0.05,126.7
11-Mar-11,-0.6597,0.17,0.716,0.115,127.84
14-Mar-11,-0.8729,0.174,0.708,0.118,127.99
15-Mar-11,-0.9871,0.283,0.699,0.018,107.08
16-Mar-11,-0.9882,0.222,0.778,0,106.63
17-Mar-11,-0.8979,0.162,0.743,0.094,111.25
18-Mar-11,-0.9825,0.264,0.666,0.07,108.33
21-Mar-11,-0.994,0.255,0.716,0.029,106.98
22-Mar-11,-0.9677,0.248,0.676,0.076,106.02
24-Mar-11,-0.9598,0.199,0.743,0.058,106.18
25-Mar-11,-0.9885,0.241,0.709,0.05,105.59
28-Mar-11,-0.6555,0.114,0.797,0.09,105.3
29-Mar-11,-0.9313,0.185,0.716,0.099,107.32
30-Mar-11,0.9555,0,0.76,0.24,109.13
31-Mar-11,-0.9936,0.243,0.704,0.053,111.67
1-Apr-11,-0.9702,0.2,0.698,0.102,117.25
4-Apr-11,-0.8688,0.123,0.839,0.037,119.13
5-Apr-11,0.8074,0.096,0.729,0.175,121.46
6-Apr-11,-0.8997,0.161,0.741,0.099,121.97
7-Apr-11,-0.9915,0.336,0.664,0,121.23
8-Apr-11,-0.9756,0.179,0.792,0.029,122.73
11-Apr-11,-0.9477,0.156,0.802,0.042,120.94
12-Apr-11,-0.8296,0.131,0.782,0.087,121.06
13-Apr-11,-0.9584,0.209,0.73,0.061,122.02
14-Apr-11,-0.9786,0.21,0.733,0.056,121
15-Apr-11,-0.3612,0.085,0.834,0.081,125.16
18-Apr-11,-0.9274,0.151,0.768,0.081,124.86
19-Apr-11,-0.5423,0.103,0.806,0.091,122.79
20-Apr-11,-0.8591,0.16,0.727,0.113,124.93
21-Apr-11,0.7783,0.078,0.777,0.145,124.19
22-Apr-11,0.1511,0.113,0.752,0.134,124.75
25-Apr-11,-0.9657,0.203,0.725,0.071,124.76
26-Apr-11,-0.8591,0.155,0.772,0.073,124.07
27-Apr-11,-0.7096,0.093,0.855,0.052,123.09
28-Apr-11,-0.9349,0.203,0.681,0.116,122.07
29-Apr-11,-0.9426,0.247,0.633,0.119,122.06
2-May-11,-0.9805,0.219,0.711,0.07,120.88
3-May-11,-0.8126,0.131,0.788,0.081,120.49
4-May-11,-0.9931,0.282,0.661,0.056,118.74
5-May-11,-0.9509,0.196,0.777,0.027,120.06
6-May-11,-0.9837,0.324,0.661,0.015,121.04
9-May-11,-0.4767,0.147,0.732,0.121,123.2
10-May-11,-0.9477,0.181,0.775,0.045,122.09
11-May-11,-0.7059,0.112,0.815,0.073,122.39
12-May-11,-0.969,0.176,0.774,0.05,122.18
13-May-11,-0.9814,0.217,0.747,0.036,121.12
16-May-11,-0.9485,0.192,0.737,0.071,118.14
17-May-11,-0.6597,0.146,0.748,0.106,118.51
18-May-11,-0.9517,0.258,0.633,0.109,117.48
19-May-11,-0.9869,0.148,0.802,0.05,117.35
20-May-11,-0.8225,0.149,0.727,0.124,118.87
23-May-11,-0.8432,0.147,0.739,0.114,119.98
24-May-11,-0.8779,0.12,0.811,0.069,120.3
25-May-11,-0.9201,0.118,0.808,0.074,120.61
26-May-11,-0.765,0.116,0.823,0.062,120.68
27-May-11,-0.9791,0.181,0.761,0.059,120.7
30-May-11,-0.8184,0.094,0.87,0.036,119.48
31-May-11,-0.9638,0.148,0.779,0.073,117.32
1-Jun-11,-0.9928,0.32,0.61,0.07,118.09
2-Jun-11,-0.9888,0.2,0.734,0.066,117.6
3-Jun-11,-0.9936,0.32,0.68,0,116.95
6-Jun-11,-0.9814,0.167,0.802,0.031,119.54
7-Jun-11,-0.9922,0.203,0.771,0.027,120.23
8-Jun-11,-0.9686,0.187,0.795,0.018,121.74
9-Jun-11,-0.9744,0.192,0.748,0.06,120.75
10-Jun-11,-0.9643,0.183,0.738,0.08,120.1
13-Jun-11,-0.9855,0.208,0.762,0.03,120.9
14-Jun-11,-0.9122,0.136,0.815,0.05,119.61
15-Jun-11,-0.9906,0.316,0.663,0.021,118.85
16-Jun-11,-0.9857,0.223,0.726,0.051,118.12
17-Jun-11,-0.9583,0.162,0.796,0.042,117.58
20-Jun-11,-0.9872,0.268,0.69,0.042,116.68
21-Jun-11,-0.875,0.194,0.71,0.096,117.88
22-Jun-11,-0.9764,0.211,0.699,0.09,117.2
23-Jun-11,0.9517,0.082,0.723,0.195,117.67
24-Jun-11,-0.1045,0.107,0.79,0.103,117.22
27-Jun-11,-0.8779,0.157,0.785,0.059,116.22
28-Jun-11,-0.8176,0.101,0.872,0.027,114.25
29-Jun-11,-0.9842,0.272,0.659,0.07,116.06
30-Jun-11,-0.8929,0.17,0.733,0.097,116.06
1-Jul-11,-0.1779,0.095,0.808,0.097,116.03
4-Jul-11,0.0258,0.1,0.799,0.101,118.64
5-Jul-11,-0.9719,0.187,0.74,0.073,118.98
6-Jul-11,-0.8341,0.118,0.788,0.094,118.53
7-Jul-11,-0.9876,0.225,0.765,0.009,117.15
8-Jul-11,-0.9826,0.232,0.691,0.078,117.36
11-Jul-11,-0.9849,0.186,0.766,0.049,116.97
12-Jul-11,-0.9874,0.256,0.693,0.051,116.36
13-Jul-11,-0.967,0.212,0.716,0.073,116.7
14-Jul-11,0.5792,0.112,0.733,0.155,116.92
15-Jul-11,-0.2342,0.134,0.747,0.119,117.33
18-Jul-11,-0.4939,0.074,0.87,0.056,118.97
19-Jul-11,-0.9796,0.193,0.773,0.034,119.34
20-Jul-11,0.1531,0.117,0.748,0.136,120.01
21-Jul-11,-0.9335,0.178,0.769,0.053,120.08
22-Jul-11,-0.8934,0.161,0.74,0.1,121.98
25-Jul-11,-0.9744,0.171,0.785,0.043,120.51
26-Jul-11,-0.9062,0.161,0.75,0.09,121.5
27-Jul-11,-0.7579,0.096,0.873,0.031,120.32
28-Jul-11,-0.5994,0.124,0.768,0.107,119.68
29-Jul-11,-0.8779,0.166,0.738,0.096,120
1-Aug-11,-0.9468,0.147,0.81,0.044,121.09
2-Aug-11,-0.9674,0.225,0.708,0.067,119.9
3-Aug-11,-0.959,0.191,0.726,0.083,119.12
4-Aug-11,-0.4951,0.149,0.717,0.134,118.82
5-Aug-11,-0.8625,0.126,0.815,0.059,117.51
8-Aug-11,-0.9881,0.213,0.745,0.043,116.99
9-Aug-11,-0.7096,0.132,0.783,0.085,114.57
10-Aug-11,-0.9524,0.214,0.723,0.063,117.14
11-Aug-11,-0.959,0.167,0.781,0.053,117.21
12-Aug-11,-0.9863,0.26,0.709,0.031,121.01
15-Aug-11,-0.4767,0.131,0.75,0.119,119.35
16-Aug-11,-0.9913,0.238,0.727,0.035,119.84
17-Aug-11,-0.9471,0.186,0.731,0.083,120.6
18-Aug-11,0.7269,0.101,0.748,0.151,118.37
19-Aug-11,-0.9913,0.348,0.652,0,116.43
22-Aug-11,-0.9647,0.182,0.818,0,116.57
23-Aug-11,-0.9635,0.195,0.784,0.021,116
24-Aug-11,-0.9671,0.207,0.699,0.094,116.78
25-Aug-11,-0.936,0.152,0.778,0.07,116.56
29-Aug-11,-0.8555,0.15,0.777,0.073,115.87
30-Aug-11,-0.9914,0.314,0.65,0.035,116.54
5-Sep-11,-0.9186,0.198,0.683,0.119,117.59
6-Sep-11,-0.9501,0.211,0.707,0.082,117.87
7-Sep-11,-0.9169,0.19,0.698,0.112,117.28
8-Sep-11,-0.9517,0.168,0.769,0.063,117
9-Sep-11,-0.9451,0.181,0.719,0.1,115.57
12-Sep-11,0.0772,0.062,0.882,0.056,116.06
13-Sep-11,-0.9619,0.218,0.671,0.111,118.05
14-Sep-11,-0.0112,0.141,0.711,0.148,117.1
15-Sep-11,-0.9786,0.237,0.66,0.103,117.51
16-Sep-11,-0.9695,0.221,0.712,0.067,117.28
19-Sep-11,-0.986,0.239,0.716,0.045,117
20-Sep-11,-0.9287,0.174,0.74,0.086,118.48
21-Sep-11,-0.3182,0.111,0.787,0.102,119.86
22-Sep-11,-0.8689,0.161,0.723,0.116,119.52
23-Sep-11,-0.9477,0.166,0.78,0.054,118.49
26-Sep-11,-0.6115,0.103,0.8,0.097,117
27-Sep-11,-0.9712,0.225,0.697,0.078,118.71
28-Sep-11,-0.9776,0.18,0.782,0.039,118.32
29-Sep-11,-0.9648,0.192,0.754,0.054,118
30-Sep-11,0.2278,0.164,0.672,0.164,119.36
3-Oct-11,-0.9816,0.27,0.666,0.064,118.4
4-Oct-11,-0.9816,0.203,0.749,0.048,119.26
5-Oct-11,-0.3182,0.102,0.819,0.079,118.7
6-Oct-11,-0.9081,0.162,0.739,0.1,118.27
7-Oct-11,-0.9274,0.184,0.738,0.078,118.77
10-Oct-11,-0.25,0.062,0.89,0.048,118.91
11-Oct-11,-0.7351,0.098,0.828,0.074,117.67
12-Oct-11,-0.9081,0.187,0.7,0.113,117.83
13-Oct-11,-0.9793,0.216,0.688,0.096,116.48
14-Oct-11,0,0.13,0.735,0.136,116.92
17-Oct-11,-0.8271,0.127,0.799,0.074,116.12
18-Oct-11,-0.8913,0.147,0.761,0.092,117.12
19-Oct-11,-0.9254,0.12,0.799,0.081,116.13
20-Oct-11,0.0516,0.132,0.735,0.133,116
21-Oct-11,-0.91,0.193,0.683,0.124,115.86
25-Oct-11,-0.9571,0.173,0.746,0.081,116.28
26-Oct-11,-0.3612,0.138,0.714,0.148,116.14
27-Oct-11,-0.9528,0.144,0.826,0.03,115.63
28-Oct-11,-0.9423,0.21,0.686,0.104,117.79
31-Oct-11,-0.9686,0.256,0.696,0.048,117.49
1-Nov-11,-0.9201,0.157,0.769,0.074,117.54
2-Nov-11,0.0772,0.179,0.621,0.199,118.73
3-Nov-11,-0.9081,0.159,0.803,0.039,115.07
4-Nov-11,-0.1027,0.058,0.889,0.053,115.54
10-Nov-11,-0.8627,0.141,0.787,0.071,115.57
14-Nov-11,-0.9753,0.209,0.698,0.093,115.83
15-Nov-11,-0.3707,0.118,0.779,0.103,115.7
16-Nov-11,-0.9736,0.186,0.739,0.075,115.1
17-Nov-11,-0.9925,0.237,0.724,0.039,114.54
18-Nov-11,-0.8788,0.161,0.76,0.079,114.92
21-Nov-11,-0.296,0.088,0.832,0.08,114.48
22-Nov-11,-0.967,0.171,0.774,0.055,115.03
23-Nov-11,-0.34,0.052,0.911,0.038,115.41
24-Nov-11,0.8591,0.081,0.769,0.15,112.6
25-Nov-11,-0.9201,0.156,0.777,0.067,112.83
28-Nov-11,-0.765,0.167,0.714,0.119,111.26
29-Nov-11,-0.1926,0.115,0.801,0.084,111.99
30-Nov-11,-0.9338,0.177,0.738,0.084,112.82
1-Dec-11,-0.9382,0.187,0.74,0.073,112.12
2-Dec-11,-0.9491,0.167,0.765,0.068,112.06
7-Dec-11,-0.9612,0.227,0.773,0,110.16
8-Dec-11,-0.9693,0.216,0.739,0.044,110.97
9-Dec-11,-0.9382,0.13,0.821,0.049,110.88
12-Dec-11,-0.9545,0.172,0.808,0.019,111.38
13-Dec-11,-0.802,0.08,0.867,0.053,110.34
14-Dec-11,-0.8582,0.123,0.784,0.093,110.62
15-Dec-11,-0.9403,0.12,0.863,0.017,108.52
16-Dec-11,0.4051,0.096,0.785,0.119,107.66
19-Dec-11,-0.9612,0.159,0.765,0.076,108.04
20-Dec-11,-0.9485,0.143,0.818,0.039,109.07
21-Dec-11,-0.9062,0.112,0.841,0.047,108.52
22-Dec-11,-0.93,0.144,0.799,0.057,108.06
23-Dec-11,-0.743,0.1,0.822,0.078,107.8
26-Dec-11,-0.872,0.163,0.743,0.094,107.5
27-Dec-11,-0.936,0.208,0.665,0.127,107.17
28-Dec-11,-0.9738,0.186,0.764,0.051,107
29-Dec-11,-0.9919,0.251,0.679,0.069,108
30-Dec-11,-0.9468,0.15,0.798,0.051,106.08
2-Jan-12,-0.9924,0.204,0.748,0.048,107.2
3-Jan-12,-0.7102,0.14,0.746,0.114,111.05
4-Jan-12,-0.9883,0.195,0.74,0.065,108.87
5-Jan-12,-0.9022,0.131,0.784,0.085,107.85
6-Jan-12,0.5267,0.1,0.765,0.135,108.22
9-Jan-12,-0.9121,0.14,0.787,0.073,107.81
10-Jan-12,-0.969,0.144,0.817,0.039,106.88
11-Jan-12,-0.9686,0.161,0.787,0.053,106.39
12-Jan-12,-0.9612,0.152,0.764,0.084,105.54
13-Jan-12,-0.9874,0.165,0.809,0.026,106.15
16-Jan-12,-0.91,0.142,0.773,0.085,106.73
17-Jan-12,-0.8271,0.106,0.842,0.052,108.05
18-Jan-12,-0.9325,0.161,0.743,0.095,109.95
19-Jan-12,0.304,0.081,0.826,0.093,109.01
20-Jan-12,-0.9419,0.187,0.728,0.085,110.49
23-Jan-12,-0.9798,0.188,0.767,0.045,114.45
24-Jan-12,-0.9595,0.172,0.765,0.063,116.41
25-Jan-12,-0.9738,0.178,0.744,0.078,115.93
26-Jan-12,-0.9824,0.19,0.748,0.062,114.78
27-Jan-12,-0.4889,0.059,0.892,0.05,114.82
30-Jan-12,-0.9393,0.112,0.844,0.044,114.11
31-Jan-12,-0.9793,0.195,0.746,0.059,114.23
1-Feb-12,-0.9378,0.16,0.749,0.091,114.3
2-Feb-12,-0.9679,0.129,0.803,0.068,114.76
3-Feb-12,-0.9931,0.213,0.769,0.017,116.02
6-Feb-12,-0.9712,0.234,0.686,0.08,117.14
7-Feb-12,0.4019,0.073,0.836,0.092,118.86
8-Feb-12,-0.9929,0.2,0.741,0.058,119.18
9-Feb-12,-0.9264,0.116,0.835,0.049,119.39
10-Feb-12,-0.9282,0.114,0.845,0.041,121.88
13-Feb-12,-0.8822,0.141,0.781,0.078,121.95
14-Feb-12,-0.9925,0.221,0.746,0.033,121.24
15-Feb-12,-0.6966,0.103,0.818,0.079,119.24
16-Feb-12,-0.987,0.192,0.753,0.055,117.57
17-Feb-12,-0.9596,0.159,0.764,0.077,118.94
20-Feb-12,-0.9584,0.161,0.762,0.077,118.49
21-Feb-12,-0.9717,0.127,0.837,0.036,118.7
22-Feb-12,-0.9724,0.189,0.738,0.073,123.5
23-Feb-12,-0.9806,0.167,0.779,0.054,125.17
24-Feb-12,-0.9153,0.152,0.737,0.111,122.56
27-Feb-12,-0.9468,0.163,0.765,0.072,121.4
28-Feb-12,-0.9552,0.128,0.796,0.076,120.47
29-Feb-12,-0.9601,0.135,0.799,0.066,120.6
1-Mar-12,-0.9592,0.147,0.79,0.063,120.01
2-Mar-12,-0.9557,0.15,0.806,0.044,120.2
5-Mar-12,-0.959,0.167,0.767,0.066,120.49
6-Mar-12,-0.9856,0.197,0.734,0.069,120.25
7-Mar-12,-0.9508,0.155,0.769,0.076,119.21
8-Mar-12,-0.9781,0.2,0.713,0.087,119.97
9-Mar-12,-0.9898,0.25,0.679,0.071,118.81
12-Mar-12,-0.9565,0.166,0.774,0.06,119.11
13-Mar-12,-0.9578,0.169,0.768,0.063,118.62
14-Mar-12,-0.9514,0.122,0.835,0.043,119.42
15-Mar-12,-0.9489,0.146,0.808,0.045,119.78
16-Mar-12,-0.0516,0.09,0.821,0.089,103.89
19-Mar-12,-0.9423,0.136,0.807,0.057,101.79
20-Mar-12,-0.9471,0.144,0.777,0.079,103.4
21-Mar-12,-0.886,0.134,0.787,0.079,100.74
22-Mar-12,-0.6908,0.119,0.783,0.099,100.7
26-Mar-12,-0.9882,0.214,0.739,0.047,102.05
27-Mar-12,-0.4588,0.113,0.795,0.092,103.29
28-Mar-12,-0.975,0.181,0.759,0.06,108.06
29-Mar-12,-0.9674,0.176,0.755,0.07,109.86
30-Mar-12,-0.9756,0.18,0.777,0.043,111.37
2-Apr-12,-0.9856,0.198,0.758,0.044,110
3-Apr-12,-0.9855,0.221,0.734,0.046,112.82
4-Apr-12,0.2129,0.106,0.761,0.133,116.15
5-Apr-12,-0.9245,0.137,0.806,0.057,112.55
6-Apr-12,-0.9819,0.16,0.783,0.057,111.83
9-Apr-12,-0.9413,0.176,0.718,0.107,111.72
10-Apr-12,0.9485,0.082,0.746,0.172,108.98
11-Apr-12,-0.4215,0.09,0.827,0.084,110
12-Apr-12,-0.9367,0.113,0.815,0.072,108.95
13-Apr-12,-0.9206,0.154,0.75,0.096,110.11
16-Apr-12,-0.9869,0.204,0.71,0.085,107.9
17-Apr-12,-0.9713,0.152,0.817,0.031,108.21
18-Apr-12,-0.9913,0.184,0.773,0.043,109.47
19-Apr-12,-0.9339,0.165,0.729,0.106,109.06
20-Apr-12,-0.8727,0.107,0.825,0.068,108.81
23-Apr-12,-0.9555,0.177,0.723,0.1,110.25
24-Apr-12,-0.8681,0.138,0.769,0.093,112.92
25-Apr-12,-0.7845,0.118,0.788,0.094,116.28
26-Apr-12,-0.9494,0.15,0.769,0.081,113.77
27-Apr-12,-0.8872,0.111,0.843,0.047,113.42
30-Apr-12,-0.9836,0.153,0.807,0.04,111.97
2-May-12,-0.9874,0.182,0.779,0.038,111.64
3-May-12,-0.9893,0.17,0.774,0.056,114.49
4-May-12,-0.9655,0.134,0.823,0.043,116.54
7-May-12,-0.6705,0.084,0.847,0.069,115.87
8-May-12,-0.4391,0.113,0.777,0.11,114.17
9-May-12,-0.9257,0.139,0.793,0.068,115.29
10-May-12,-0.9348,0.168,0.738,0.094,113.47
11-May-12,-0.7906,0.159,0.716,0.125,111.25
14-May-12,-0.9687,0.192,0.711,0.096,112.22
15-May-12,-0.9118,0.106,0.838,0.056,114.01
16-May-12,-0.9439,0.157,0.777,0.066,111.59
17-May-12,-0.9888,0.208,0.767,0.025,110.99
18-May-12,-0.4767,0.047,0.919,0.034,109.08
21-May-12,-0.897,0.131,0.773,0.096,109.51
22-May-12,-0.7351,0.121,0.79,0.089,112
23-May-12,-0.9903,0.214,0.727,0.059,111.99
24-May-12,-0.975,0.21,0.734,0.056,112.01
25-May-12,-0.9861,0.192,0.764,0.045,112.41
28-May-12,-0.9917,0.268,0.651,0.081,112.1
29-May-12,-0.9745,0.196,0.708,0.096,112.38
30-May-12,-0.9485,0.163,0.741,0.096,109.98
31-May-12,-0.9226,0.142,0.789,0.069,105.26
1-Jun-12,0.946,0.049,0.815,0.136,106.18
4-Jun-12,-0.9656,0.163,0.766,0.071,106.35
5-Jun-12,-0.9831,0.162,0.817,0.021,105.15
6-Jun-12,-0.9371,0.126,0.848,0.026,105.21
7-Jun-12,-0.9712,0.205,0.687,0.108,104.71
8-Jun-12,-0.9136,0.16,0.779,0.061,103.9
11-Jun-12,-0.9799,0.151,0.836,0.014,104.2
12-Jun-12,-0.4588,0.093,0.825,0.082,103.56
13-Jun-12,-0.7003,0.119,0.79,0.091,103.89
14-Jun-12,-0.9748,0.169,0.795,0.036,106.24
15-Jun-12,-0.9584,0.207,0.793,0,107.29
18-Jun-12,-0.9647,0.193,0.718,0.089,107.75
19-Jun-12,-0.8689,0.148,0.736,0.115,108.09
20-Jun-12,-0.8859,0.102,0.835,0.063,108.61
21-Jun-12,-0.9719,0.164,0.795,0.042,107.41
22-Jun-12,-0.1901,0.036,0.924,0.04,107.54
25-Jun-12,-0.9492,0.075,0.895,0.03,108.2
26-Jun-12,-0.955,0.156,0.826,0.018,108.5
27-Jun-12,-0.8126,0.13,0.798,0.072,109.75
28-Jun-12,-0.9753,0.178,0.754,0.067,110.95
29-Jun-12,-0.25,0.139,0.732,0.13,112.84
2-Jul-12,-0.9477,0.127,0.849,0.024,114.01
3-Jul-12,-0.9169,0.142,0.77,0.088,114.05
4-Jul-12,-0.3182,0.101,0.794,0.105,113.52
5-Jul-12,-0.9231,0.199,0.657,0.144,113.2
6-Jul-12,-0.0772,0.065,0.866,0.069,114.45
9-Jul-12,-0.4788,0.113,0.77,0.117,114.33
10-Jul-12,-0.9776,0.173,0.761,0.066,113.28
11-Jul-12,-0.6126,0.129,0.763,0.109,112.99
12-Jul-12,-0.9893,0.196,0.752,0.052,113.05
13-Jul-12,-0.8944,0.114,0.849,0.036,112.61
16-Jul-12,-0.8395,0.14,0.787,0.074,113.72
17-Jul-12,-0.9839,0.169,0.771,0.06,114.98
18-Jul-12,-0.91,0.143,0.757,0.1,115.49
19-Jul-12,-0.9535,0.119,0.849,0.032,114.99
20-Jul-12,-0.9362,0.146,0.785,0.069,115.03
23-Jul-12,0.8316,0.078,0.786,0.136,112.58
24-Jul-12,-0.6369,0.101,0.817,0.083,113.19
25-Jul-12,-0.9682,0.17,0.759,0.07,114.5
26-Jul-12,-0.993,0.214,0.7,0.086,114.56
27-Jul-12,-0.9413,0.154,0.784,0.062,113.75
30-Jul-12,-0.949,0.148,0.775,0.077,113.27
31-Jul-12,-0.9897,0.197,0.778,0.025,114.07
1-Aug-12,-0.9796,0.137,0.83,0.034,116.42
2-Aug-12,-0.9747,0.165,0.744,0.091,115.98
3-Aug-12,-0.9287,0.173,0.721,0.106,116.53
6-Aug-12,-0.9643,0.122,0.863,0.015,119.32
7-Aug-12,-0.9776,0.185,0.71,0.105,120.07
8-Aug-12,-0.9698,0.16,0.802,0.038,117.21
9-Aug-12,-0.9875,0.197,0.76,0.043,118.16
10-Aug-12,-0.9409,0.172,0.727,0.102,117.87
13-Aug-12,-0.808,0.131,0.745,0.124,114.97
15-Aug-12,-0.9652,0.159,0.756,0.085,115.06
16-Aug-12,-0.98,0.187,0.72,0.093,114.86
23-Aug-12,-0.9812,0.184,0.759,0.057,115.47
24-Aug-12,-0.8316,0.157,0.731,0.112,116.73
27-Aug-12,-0.9629,0.154,0.791,0.055,115.66
28-Aug-12,-0.9764,0.166,0.749,0.085,114.89
29-Aug-12,-0.9746,0.185,0.727,0.088,114.55
30-Aug-12,-0.9678,0.162,0.771,0.067,114.93
31-Aug-12,-0.9719,0.139,0.824,0.037,114.98
3-Sep-12,-0.9882,0.19,0.754,0.056,114.73
4-Sep-12,-0.6808,0.104,0.799,0.097,114.32
5-Sep-12,-0.9381,0.151,0.762,0.088,113.98
6-Sep-12,0.8767,0.102,0.731,0.167,112.98
7-Sep-12,-0.9477,0.147,0.765,0.088,112.06
10-Sep-12,-0.9618,0.168,0.761,0.071,111.35
11-Sep-12,-0.7845,0.102,0.84,0.058,111.04
12-Sep-12,-0.9081,0.134,0.766,0.101,111
13-Sep-12,-0.9601,0.173,0.77,0.058,109.64
14-Sep-12,-0.9944,0.23,0.746,0.024,107.51
17-Sep-12,-0.981,0.208,0.704,0.088,107.09
18-Sep-12,-0.9799,0.201,0.786,0.013,107.67
19-Sep-12,-0.9925,0.198,0.793,0.01,108.33
20-Sep-12,-0.9118,0.124,0.834,0.041,107.64
24-Sep-12,-0.4809,0.069,0.879,0.052,106.41
25-Sep-12,-0.9732,0.159,0.768,0.074,106.91
26-Sep-12,-0.9883,0.209,0.761,0.03,106.49
27-Sep-12,-0.9219,0.146,0.768,0.086,107
28-Sep-12,-0.9831,0.206,0.719,0.076,106.71
1-Oct-12,-0.9898,0.189,0.772,0.039,106.95
2-Oct-12,-0.975,0.141,0.826,0.034,107.04
3-Oct-12,-0.969,0.177,0.763,0.06,106.74
4-Oct-12,0.7708,0.105,0.769,0.126,107.1
5-Oct-12,-0.8126,0.085,0.866,0.048,106.64
8-Oct-12,-0.5475,0.093,0.831,0.076,107.49
9-Oct-12,-0.7399,0.129,0.76,0.112,107.39
10-Oct-12,-0.9428,0.169,0.723,0.108,107.1
11-Oct-12,-0.9893,0.172,0.748,0.081,107.18
12-Oct-12,-0.9837,0.188,0.753,0.059,106.83
15-Oct-12,-0.9783,0.167,0.784,0.049,106.95
16-Oct-12,-0.9075,0.145,0.761,0.094,105.77
17-Oct-12,-0.9802,0.183,0.74,0.077,105.94
18-Oct-12,-0.9923,0.234,0.747,0.019,105.72
19-Oct-12,-0.975,0.177,0.738,0.085,105.18
22-Oct-12,-0.8365,0.12,0.788,0.091,105.28
23-Oct-12,-0.975,0.15,0.817,0.033,105.93
24-Oct-12,-0.9674,0.163,0.773,0.064,106.39
25-Oct-12,-0.9657,0.141,0.804,0.055,105.95
30-Oct-12,-0.995,0.325,0.627,0.049,106.37
31-Oct-12,0.8746,0.033,0.864,0.103,105.72
1-Nov-12,-0.9652,0.15,0.749,0.101,105.73
2-Nov-12,-0.9175,0.14,0.765,0.095,105.65
5-Nov-12,-0.9638,0.211,0.687,0.101,106.06
6-Nov-12,-0.7997,0.128,0.779,0.093,105.54
7-Nov-12,-0.7537,0.118,0.776,0.106,106.42
8-Nov-12,-0.9403,0.13,0.804,0.065,106.37
12-Nov-12,-0.9911,0.237,0.681,0.083,107.29
13-Nov-12,-0.9878,0.227,0.66,0.113,107.97
14-Nov-12,-0.5574,0.123,0.742,0.135,107.45
15-Nov-12,-0.9201,0.179,0.735,0.086,110.01
16-Nov-12,-0.9432,0.13,0.808,0.061,109.32
19-Nov-12,-0.9559,0.176,0.736,0.088,108.62
20-Nov-12,-0.9918,0.184,0.757,0.059,109.61
21-Nov-12,-0.9873,0.204,0.728,0.067,109.3
22-Nov-12,-0.9553,0.188,0.689,0.123,108.75
23-Nov-12,-0.9702,0.206,0.692,0.103,108.82
26-Nov-12,-0.9607,0.25,0.646,0.104,107.91
27-Nov-12,-0.9882,0.218,0.696,0.087,108.29
28-Nov-12,-0.8591,0.103,0.814,0.083,108.33
29-Nov-12,-0.9856,0.187,0.775,0.038,109.53
30-Nov-12,0.8555,0.101,0.74,0.159,111.8
3-Dec-12,-0.9735,0.177,0.761,0.061,111.47
4-Dec-12,-0.9703,0.147,0.804,0.049,112
5-Dec-12,-0.8552,0.103,0.849,0.049,113.56
6-Dec-12,-0.8708,0.121,0.829,0.05,115.94
7-Dec-12,-0.7269,0.092,0.84,0.068,117.33
10-Dec-12,-0.9721,0.18,0.778,0.042,117.08
11-Dec-12,0.9238,0.049,0.843,0.108,116.53
12-Dec-12,-0.9381,0.151,0.776,0.073,116.15
13-Dec-12,-0.8834,0.095,0.864,0.041,115.76
14-Dec-12,-0.5624,0.135,0.746,0.119,116.97
17-Dec-12,-0.8442,0.113,0.822,0.064,116.96
18-Dec-12,-0.9612,0.123,0.837,0.04,118.01
19-Dec-12,-0.9729,0.195,0.753,0.051,118.33
20-Dec-12,-0.9698,0.128,0.817,0.054,118.14
21-Dec-12,-0.9847,0.199,0.757,0.045,117.88
24-Dec-12,-0.9545,0.181,0.733,0.086,117.84
26-Dec-12,-0.1531,0.072,0.854,0.074,117.92
27-Dec-12,-0.9854,0.228,0.718,0.054,117.64
28-Dec-12,-0.9771,0.156,0.771,0.073,118.07
31-Dec-12,-0.9861,0.225,0.691,0.083,117.81
1-Jan-13,-0.9731,0.131,0.818,0.052,117.81
2-Jan-13,-0.8074,0.158,0.733,0.109,115.54
3-Jan-13,-0.9726,0.19,0.709,0.101,115.5
4-Jan-13,-0.9908,0.203,0.738,0.059,114.98
7-Jan-13,-0.9813,0.23,0.691,0.079,114.02
8-Jan-13,-0.9922,0.266,0.69,0.044,114.73
9-Jan-13,-0.984,0.168,0.767,0.065,114.96
10-Jan-13,-0.9952,0.253,0.689,0.058,113.88
11-Jan-13,-0.9929,0.182,0.769,0.049,113.99
14-Jan-13,-0.9534,0.168,0.786,0.046,113.88
15-Jan-13,-0.992,0.189,0.777,0.034,110.35
16-Jan-13,-0.979,0.181,0.752,0.067,111.17
17-Jan-13,-0.9836,0.19,0.747,0.062,112.72
18-Jan-13,-0.9501,0.129,0.81,0.061,114.15
21-Jan-13,-0.9825,0.17,0.742,0.089,115.49
22-Jan-13,-0.9945,0.206,0.771,0.022,117.22
23-Jan-13,-0.9413,0.161,0.742,0.097,116.99
24-Jan-13,-0.989,0.213,0.759,0.028,117.01
28-Jan-13,0.5325,0.105,0.768,0.127,117.2
29-Jan-13,-0.9756,0.174,0.745,0.081,118.01
30-Jan-13,-0.9716,0.151,0.812,0.037,118.12
31-Jan-13,-0.5859,0.147,0.71,0.143,118.65
1-Feb-13,-0.9531,0.15,0.792,0.058,118.08
4-Feb-13,0.3182,0.116,0.746,0.138,118.71
6-Feb-13,-0.6093,0.13,0.763,0.108,119
7-Feb-13,-0.5809,0.107,0.785,0.108,117.27
8-Feb-13,-0.9559,0.147,0.774,0.079,117.65
11-Feb-13,-0.9922,0.188,0.776,0.036,116.99
12-Feb-13,-0.8979,0.1,0.825,0.075,117.44
13-Feb-13,-0.8168,0.112,0.799,0.089,116.93
14-Feb-13,-0.9906,0.206,0.706,0.088,116.83
15-Feb-13,-0.9756,0.195,0.739,0.067,116.93
18-Feb-13,-0.9888,0.142,0.843,0.016,116.7
19-Feb-13,-0.9638,0.171,0.728,0.1,116.48
20-Feb-13,-0.9846,0.184,0.741,0.075,116.42
21-Feb-13,-0.9955,0.221,0.696,0.083,116.73
22-Feb-13,-0.9934,0.246,0.709,0.045,116.52
25-Feb-13,-0.9493,0.14,0.791,0.068,116.18
26-Feb-13,-0.9246,0.151,0.776,0.073,115.72
27-Feb-13,-0.975,0.192,0.781,0.026,115.72
28-Feb-13,0.7783,0.057,0.85,0.094,116.17
1-Mar-13,-0.8945,0.125,0.804,0.072,115.13
4-Mar-13,-0.7369,0.139,0.791,0.071,115.42
5-Mar-13,-0.8979,0.116,0.82,0.064,114.74
6-Mar-13,-0.91,0.115,0.832,0.052,114.51
7-Mar-13,-0.9799,0.142,0.819,0.039,114.5
8-Mar-13,-0.9776,0.17,0.775,0.056,113.79
11-Mar-13,-0.959,0.136,0.844,0.019,113.05
12-Mar-13,-0.9493,0.125,0.82,0.055,114.24
13-Mar-13,-0.9769,0.211,0.681,0.108,113.25
14-Mar-13,0.2263,0.095,0.802,0.103,113.11
15-Mar-13,0,0,0,0,99.09
18-Mar-13,0,0,0,0,96.52
19-Mar-13,0,0,0,0,96.43
20-Mar-13,-0.9876,0.189,0.775,0.036,95.98
21-Mar-13,-0.9485,0.146,0.784,0.071,96.3
22-Mar-13,-0.9617,0.144,0.815,0.041,95.99
25-Mar-13,0.5423,0.09,0.811,0.1,96.48
26-Mar-13,-0.9505,0.137,0.821,0.042,95.85
27-Mar-13,-0.4215,0.13,0.739,0.131,96.59
28-Mar-13,-0.8793,0.101,0.834,0.065,96.6
29-Mar-13,-0.9041,0.168,0.718,0.113,96.51
1-Apr-13,-0.6249,0.118,0.774,0.108,97.06
2-Apr-13,-0.9393,0.095,0.878,0.028,96.93
3-Apr-13,-0.9799,0.169,0.786,0.045,97.13
4-Apr-13,-0.9638,0.131,0.815,0.053,96.94
5-Apr-13,-0.9057,0.12,0.819,0.06,96.98
8-Apr-13,-0.8555,0.106,0.845,0.049,96.45
9-Apr-13,-0.8935,0.128,0.786,0.085,96.14
10-Apr-13,-0.984,0.169,0.773,0.058,96.3
11-Apr-13,-0.9692,0.173,0.713,0.114,95.97
12-Apr-13,-0.2732,0.077,0.839,0.084,95.84
15-Apr-13,-0.8176,0.117,0.777,0.106,91.62
16-Apr-13,-0.9884,0.157,0.79,0.053,90.15
17-Apr-13,-0.9712,0.173,0.717,0.11,89.87
18-Apr-13,-0.9175,0.094,0.847,0.059,91.27
19-Apr-13,-0.7464,0.081,0.849,0.07,89.99
22-Apr-13,-0.8834,0.14,0.775,0.085,89.81
23-Apr-13,0.6486,0.078,0.794,0.128,89.92
24-Apr-13,-0.9623,0.132,0.803,0.064,90.03
25-Apr-13,-0.9935,0.208,0.744,0.048,90
26-Apr-13,-0.9926,0.209,0.733,0.058,89.87
29-Apr-13,-0.886,0.142,0.739,0.119,88.7
30-Apr-13,-0.9869,0.19,0.736,0.074,88
2-May-13,-0.9766,0.161,0.758,0.081,88.81
3-May-13,-0.9957,0.241,0.685,0.073,89.66
6-May-13,-0.9752,0.166,0.793,0.041,90
7-May-13,-0.9753,0.172,0.772,0.056,89.45
8-May-13,-0.9912,0.212,0.707,0.082,89.98
9-May-13,-0.9709,0.161,0.727,0.112,92.22
10-May-13,-0.997,0.245,0.723,0.031,93.85
13-May-13,0.7096,0.057,0.863,0.08,97.94
14-May-13,-0.9622,0.151,0.765,0.084,99.93
15-May-13,-0.5719,0.129,0.749,0.122,101.55
16-May-13,0,0.122,0.742,0.136,101.81
17-May-13,-0.9735,0.154,0.784,0.062,101.13
20-May-13,-0.9552,0.151,0.779,0.07,100.5
21-May-13,-0.9628,0.159,0.746,0.095,101.03
22-May-13,-0.1779,0.141,0.717,0.142,103.15
23-May-13,-0.9726,0.197,0.731,0.072,104.22
24-May-13,-0.9922,0.19,0.767,0.043,102.94
27-May-13,-0.9633,0.174,0.736,0.09,101.35
28-May-13,-0.9953,0.312,0.62,0.068,103.35
29-May-13,-0.9325,0.177,0.71,0.113,102.45
30-May-13,-0.9716,0.177,0.718,0.104,102.92
31-May-13,-0.9828,0.189,0.731,0.08,105.65
3-Jun-13,-0.9001,0.124,0.785,0.091,108.17
4-Jun-13,-0.6553,0.115,0.79,0.094,107.99
5-Jun-13,-0.8591,0.124,0.802,0.074,107.51
6-Jun-13,-0.6124,0.139,0.744,0.117,111.94
7-Jun-13,-0.9826,0.217,0.713,0.069,113.11
10-Jun-13,-0.9147,0.107,0.843,0.05,110.92
11-Jun-13,-0.9246,0.141,0.777,0.082,114.96
12-Jun-13,-0.9928,0.205,0.748,0.047,114.1
13-Jun-13,-0.9939,0.252,0.687,0.061,119.8
14-Jun-13,-0.993,0.239,0.732,0.029,118.35
17-Jun-13,-0.9247,0.134,0.797,0.069,117.46
18-Jun-13,-0.9833,0.215,0.678,0.106,117.01
19-Jun-13,-0.9936,0.231,0.732,0.037,117.34
20-Jun-13,0.8374,0.082,0.774,0.144,117.64
21-Jun-13,-0.9914,0.304,0.648,0.049,117.67
24-Jun-13,-0.9818,0.252,0.712,0.036,114.65
25-Jun-13,-0.9839,0.215,0.723,0.062,115.69
26-Jun-13,-0.981,0.208,0.735,0.058,115.81
27-Jun-13,0.5106,0.124,0.731,0.144,115.9
28-Jun-13,-0.8577,0.179,0.72,0.101,119.24
1-Jul-13,-0.9618,0.148,0.812,0.04,122.45
2-Jul-13,-0.9744,0.223,0.717,0.061,124.11
3-Jul-13,-0.9866,0.216,0.729,0.055,123.65
4-Jul-13,-0.9169,0.137,0.807,0.056,126.56
5-Jul-13,-0.9468,0.187,0.685,0.128,129.84
8-Jul-13,-0.8893,0.107,0.856,0.037,127.11
9-Jul-13,-0.9233,0.173,0.734,0.093,133.46
10-Jul-13,-0.9545,0.198,0.716,0.086,137.12
11-Jul-13,-0.7783,0.111,0.821,0.068,140.29
12-Jul-13,-0.7088,0.087,0.858,0.054,143.56
15-Jul-13,-0.8709,0.13,0.831,0.039,148.89
16-Jul-13,-0.9623,0.195,0.757,0.048,150.22
17-Jul-13,-0.9823,0.192,0.746,0.062,149.06
18-Jul-13,-0.8625,0.129,0.791,0.08,153.39
19-Jul-13,-0.9779,0.177,0.759,0.064,160.87
22-Jul-13,-0.9814,0.206,0.76,0.034,164.12
23-Jul-13,-0.4854,0.117,0.79,0.093,165.84
24-Jul-13,-0.9118,0.134,0.787,0.079,170.31
25-Jul-13,-0.9118,0.165,0.718,0.117,166.09
26-Jul-13,-0.9325,0.171,0.746,0.083,166.35
29-Jul-13,-0.9313,0.159,0.782,0.059,167.1
30-Jul-13,-0.987,0.193,0.783,0.024,167.14
31-Jul-13,0.1786,0.127,0.723,0.15,170.45
1-Aug-13,-0.9794,0.218,0.738,0.043,167.41
5-Aug-13,-0.8807,0.107,0.845,0.049,159.55
6-Aug-13,-0.9842,0.276,0.63,0.094,162.18
7-Aug-13,-0.981,0.226,0.774,0,165.17
12-Aug-13,-0.9169,0.14,0.792,0.069,162.32
13-Aug-13,-0.9918,0.26,0.688,0.052,161.86
15-Aug-13,-0.9738,0.217,0.726,0.057,163.46
16-Aug-13,-0.7635,0.098,0.852,0.05,163.27
19-Aug-13,-0.9623,0.177,0.766,0.058,160.43
20-Aug-13,-0.9854,0.237,0.716,0.047,159.6
21-Aug-13,-0.9876,0.239,0.728,0.032,158.58
22-Aug-13,-0.9943,0.253,0.701,0.047,162.09
23-Aug-13,-0.9786,0.209,0.75,0.041,164.45
26-Aug-13,-0.7527,0.182,0.702,0.116,162.01
27-Aug-13,-0.8934,0.144,0.765,0.091,156.92
28-Aug-13,-0.9682,0.146,0.827,0.027,152.16
29-Aug-13,-0.9337,0.177,0.718,0.104,158.13
30-Aug-13,-0.8834,0.12,0.835,0.045,159.77
2-Sep-13,-0.5023,0.091,0.843,0.066,156.2
3-Sep-13,-0.7351,0.086,0.848,0.066,157
4-Sep-13,-0.5574,0.148,0.721,0.131,157.98
5-Sep-13,0.6908,0.07,0.808,0.122,162.98
6-Sep-13,-0.9735,0.206,0.729,0.065,158.15
9-Sep-13,0.34,0.154,0.661,0.185,156.87
10-Sep-13,0.5994,0.079,0.798,0.123,155.38
11-Sep-13,-0.0516,0.105,0.791,0.104,153.52
12-Sep-13,-0.9382,0.16,0.746,0.094,154.94
13-Sep-13,0.9517,0,0.863,0.137,152.08
16-Sep-13,-0.9826,0.221,0.683,0.097,159.68
17-Sep-13,-0.8176,0.127,0.793,0.08,158.66
18-Sep-13,-0.9931,0.312,0.654,0.034,165.61
19-Sep-13,-0.9913,0.289,0.651,0.06,173.89
20-Sep-13,-0.9325,0.173,0.723,0.104,170.64
23-Sep-13,-0.9538,0.203,0.725,0.072,170.68
24-Sep-13,-0.9371,0.187,0.696,0.117,165.71
25-Sep-13,-0.936,0.147,0.838,0.015,167.56
26-Sep-13,-0.9812,0.258,0.658,0.084,165.44
27-Sep-13,-0.982,0.277,0.676,0.047,160.48
30-Sep-13,-0.8934,0.169,0.711,0.12,152.46
1-Oct-13,-0.9712,0.216,0.676,0.107,151.76
2-Oct-13,-0.9904,0.254,0.712,0.034,150.08
3-Oct-13,-0.9666,0.183,0.769,0.048,147.16
4-Oct-13,-0.941,0.198,0.745,0.056,145.75
7-Oct-13,-0.9506,0.215,0.724,0.061,142.78
8-Oct-13,-0.7783,0.119,0.817,0.064,147.57
9-Oct-13,0.2732,0.092,0.795,0.113,149.85
10-Oct-13,-0.9803,0.186,0.759,0.055,147.85
11-Oct-13,-0.9643,0.309,0.579,0.112,147.93
14-Oct-13,-0.9217,0.144,0.791,0.065,146.24
21-Oct-13,-0.9769,0.189,0.759,0.051,148.16
22-Oct-13,-0.9921,0.337,0.663,0,152.96
23-Oct-13,-0.9231,0.153,0.794,0.053,149.86
24-Oct-13,-0.9001,0.136,0.808,0.056,149.26
25-Oct-13,-0.961,0.207,0.713,0.081,149.95
28-Oct-13,-0.7351,0.105,0.824,0.071,148.08
29-Oct-13,-0.8779,0.166,0.738,0.096,147.32
30-Oct-13,-0.987,0.232,0.689,0.079,147.06
31-Oct-13,-0.8676,0.16,0.733,0.107,147.83
1-Nov-13,-0.9702,0.186,0.736,0.078,145.32
4-Nov-13,-0.9381,0.195,0.678,0.127,142.79
5-Nov-13,-0.986,0.26,0.631,0.108,146.54
6-Nov-13,-0.9631,0.215,0.654,0.131,149.41
7-Nov-13,-0.8885,0.161,0.756,0.083,149.22
8-Nov-13,-0.9674,0.151,0.809,0.04,150.78
11-Nov-13,-0.8519,0.164,0.716,0.121,157.5
12-Nov-13,-0.9732,0.233,0.657,0.109,159.66
13-Nov-13,-0.5719,0.093,0.833,0.074,159.17
18-Nov-13,-0.9781,0.309,0.613,0.078,161.58
19-Nov-13,-0.984,0.263,0.684,0.053,160.4
20-Nov-13,-0.9783,0.299,0.615,0.086,159.16
21-Nov-13,-0.9854,0.301,0.67,0.029,159.12
22-Nov-13,-0.9567,0.213,0.672,0.114,161.3
25-Nov-13,-0.9274,0.165,0.792,0.043,158.88
26-Nov-13,-0.9413,0.18,0.779,0.041,160.11
27-Nov-13,-0.9201,0.202,0.692,0.106,158.84
28-Nov-13,0.5859,0.058,0.817,0.125,159.8
29-Nov-13,-0.9118,0.185,0.723,0.092,161.04
2-Dec-13,-0.9682,0.174,0.826,0,162.51
3-Dec-13,-0.9485,0.186,0.79,0.024,162.7
4-Dec-13,-0.9274,0.216,0.661,0.123,162.31
5-Dec-13,-0.986,0.238,0.711,0.051,162.99
6-Dec-13,-0.5538,0.141,0.758,0.1,162.79
9-Dec-13,-0.8934,0.121,0.836,0.043,162.11
10-Dec-13,-0.8918,0.14,0.81,0.049,161.12
11-Dec-13,-0.9616,0.277,0.62,0.103,161.28
12-Dec-13,-0.9352,0.198,0.716,0.087,162.04
13-Dec-13,-0.9468,0.21,0.668,0.122,162.2
16-Dec-13,-0.9758,0.192,0.808,0,162.4
17-Dec-13,-0.8622,0.153,0.739,0.107,161.54
18-Dec-13,-0.9732,0.199,0.801,0,162.18
19-Dec-13,-0.9747,0.24,0.738,0.022,164.31
20-Dec-13,-0.9544,0.171,0.743,0.086,165.78
23-Dec-13,-0.8807,0.126,0.812,0.061,163.96
24-Dec-13,-0.98,0.214,0.744,0.042,162.84
26-Dec-13,-0.9843,0.262,0.691,0.047,162.5
27-Dec-13,-0.8807,0.142,0.776,0.082,161.72
30-Dec-13,-0.9648,0.217,0.758,0.026,161.21
31-Dec-13,-0.9552,0.147,0.824,0.029,166.63
1-Jan-14,-0.9211,0.22,0.686,0.094,164.45
2-Jan-14,-0.3182,0.149,0.695,0.156,165.11
3-Jan-14,-0.1027,0.081,0.841,0.078,163.79
6-Jan-14,-0.9686,0.188,0.764,0.048,162.87
7-Jan-14,-0.8955,0.185,0.713,0.102,163.17
8-Jan-14,-0.8839,0.149,0.762,0.089,167.13
9-Jan-14,-0.7096,0.114,0.811,0.075,173.44
10-Jan-14,-0.9729,0.189,0.756,0.056,181.57
13-Jan-14,-0.1779,0.113,0.782,0.105,180.09
15-Jan-14,-0.886,0.171,0.737,0.092,181.1
16-Jan-14,-0.9468,0.175,0.802,0.022,179.22
17-Jan-14,-0.7783,0.103,0.836,0.061,178
20-Jan-14,-0.9468,0.2,0.744,0.056,178.32
21-Jan-14,-0.9937,0.303,0.677,0.021,175.97
22-Jan-14,-0.9875,0.274,0.655,0.07,174.3
23-Jan-14,-0.9216,0.181,0.721,0.098,174.66
24-Jan-14,-0.9783,0.265,0.682,0.053,173.12
27-Jan-14,0.34,0.125,0.729,0.146,169.98
28-Jan-14,-0.9652,0.25,0.676,0.074,168.82
29-Jan-14,-0.5943,0.176,0.661,0.163,166.63
30-Jan-14,-0.9753,0.257,0.675,0.068,165.79
31-Jan-14,-0.9881,0.347,0.592,0.061,165.36
3-Feb-14,-0.6486,0.159,0.72,0.121,166.76
4-Feb-14,-0.9538,0.183,0.759,0.059,164.45
6-Feb-14,-0.128,0.073,0.849,0.078,166.78
7-Feb-14,-0.7094,0.142,0.745,0.114,165.01
10-Feb-14,-0.886,0.171,0.794,0.035,162.82
11-Feb-14,-0.9792,0.249,0.729,0.022,164.36
12-Feb-14,-0.9802,0.241,0.706,0.053,164.12
13-Feb-14,-0.8519,0.164,0.737,0.1,162.75
14-Feb-14,-0.891,0.114,0.866,0.02,163.01
17-Feb-14,-0.982,0.235,0.729,0.036,159.79
18-Feb-14,-0.9796,0.256,0.643,0.1,159.84
19-Feb-14,-0.9349,0.148,0.812,0.04,161.46
20-Feb-14,-0.994,0.31,0.69,0,160.88
21-Feb-14,0.4201,0.079,0.831,0.09,160.45
24-Feb-14,-0.8834,0.13,0.774,0.096,160.83
25-Feb-14,-0.926,0.149,0.79,0.061,158.69
26-Feb-14,-0.9623,0.208,0.741,0.051,156.75
27-Feb-14,-0.8867,0.123,0.808,0.069,160.78
28-Feb-14,-0.9719,0.247,0.661,0.093,162.3
3-Mar-14,-0.9865,0.249,0.693,0.058,166.98
4-Mar-14,-0.8656,0.155,0.745,0.1,170.88
5-Mar-14,-0.9771,0.239,0.717,0.044,172.45
6-Mar-14,-0.9694,0.191,0.794,0.015,180.12
7-Mar-14,-0.9806,0.189,0.752,0.059,184.18
10-Mar-14,-0.9101,0.164,0.75,0.086,186.59
11-Mar-14,-0.975,0.173,0.768,0.059,183.91
12-Mar-14,-0.9712,0.208,0.692,0.1,183.75
13-Mar-14,-0.0258,0.089,0.823,0.088,182.95
14-Mar-14,-0.9442,0.253,0.623,0.125,181.56
17-Mar-14,-0.9758,0.225,0.724,0.051,182.81
18-Mar-14,-0.9274,0.164,0.739,0.097,178.3
19-Mar-14,0.7759,0.109,0.742,0.148,178.73
20-Mar-14,-0.9867,0.193,0.798,0.009,179.92
21-Mar-14,-0.34,0.094,0.817,0.088,164.01
24-Mar-14,0.3182,0.133,0.712,0.155,160.17
25-Mar-14,-0.9741,0.188,0.795,0.017,162.22
26-Mar-14,-0.8463,0.116,0.799,0.085,168.1
27-Mar-14,-0.8937,0.147,0.754,0.099,170.96
28-Mar-14,-0.9818,0.248,0.665,0.087,170.15
31-Mar-14,-0.94,0.158,0.737,0.105,174.31
1-Apr-14,-0.9538,0.156,0.789,0.055,175.55
2-Apr-14,0.5978,0.108,0.749,0.143,177.25
3-Apr-14,-0.9643,0.188,0.737,0.075,178
4-Apr-14,0.9391,0.102,0.722,0.176,176.7
7-Apr-14,-0.9849,0.22,0.699,0.082,177.18
8-Apr-14,-0.9623,0.176,0.722,0.102,178.44
9-Apr-14,-0.7023,0.151,0.756,0.093,178.12
10-Apr-14,-0.9726,0.203,0.709,0.088,182.25
11-Apr-14,-0.9042,0.198,0.692,0.11,181.09
14-Apr-14,-0.8834,0.141,0.771,0.089,180.9
15-Apr-14,-0.9842,0.185,0.768,0.047,189.28
16-Apr-14,-0.9922,0.234,0.728,0.038,191.96
17-Apr-14,-0.9287,0.133,0.81,0.057,192.11
18-Apr-14,-0.9866,0.218,0.733,0.049,187.27
21-Apr-14,-0.9375,0.097,0.862,0.041,182.94
22-Apr-14,-0.9876,0.242,0.697,0.062,189.14
23-Apr-14,-0.7351,0.126,0.78,0.093,184.14
24-Apr-14,-0.946,0.161,0.769,0.07,184.94
25-Apr-14,-0.7269,0.149,0.726,0.125,188.88
28-Apr-14,-0.9042,0.152,0.731,0.117,186.17
29-Apr-14,-0.886,0.168,0.721,0.111,184.85
30-Apr-14,-0.9296,0.121,0.822,0.057,184.72
2-May-14,0.8271,0.092,0.774,0.134,185.21
5-May-14,-0.9771,0.218,0.73,0.052,184.13
6-May-14,-0.8256,0.094,0.856,0.051,180.35
7-May-14,-0.9313,0.135,0.798,0.067,180.61
8-May-14,-0.9874,0.226,0.683,0.091,186.79
9-May-14,-0.91,0.116,0.837,0.047,181.98
12-May-14,-0.9581,0.149,0.78,0.071,180.96
13-May-14,-0.9779,0.14,0.849,0.011,180.65
14-May-14,-0.9716,0.176,0.751,0.073,180.16
15-May-14,-0.7964,0.12,0.801,0.08,183.53
16-May-14,-0.9817,0.191,0.746,0.063,183.95
19-May-14,0.7217,0.1,0.776,0.123,186.04
20-May-14,-0.8625,0.138,0.761,0.101,184.14
21-May-14,-0.8126,0.151,0.738,0.112,182.54
22-May-14,-0.4404,0.047,0.932,0.021,184.75
23-May-14,-0.9403,0.164,0.76,0.077,182.67
26-May-14,-0.8555,0.109,0.796,0.095,185.99
27-May-14,-0.9831,0.217,0.704,0.079,184.62
28-May-14,-0.7968,0.133,0.772,0.095,184.2
29-May-14,-0.9954,0.295,0.681,0.024,188.33
30-May-14,-0.9605,0.18,0.762,0.057,193.23
2-Jun-14,-0.8834,0.178,0.716,0.106,192.36
3-Jun-14,-0.9924,0.283,0.657,0.06,189.71
4-Jun-14,-0.8957,0.162,0.709,0.129,188.63
5-Jun-14,-0.6927,0.133,0.752,0.115,189.78
6-Jun-14,-0.9723,0.21,0.69,0.1,188.9
9-Jun-14,-0.9888,0.259,0.68,0.061,189.93
10-Jun-14,-0.9866,0.236,0.674,0.091,185.67
11-Jun-14,-0.9805,0.195,0.705,0.1,185.97
12-Jun-14,-0.9666,0.145,0.834,0.021,185.87
13-Jun-14,-0.8555,0.155,0.737,0.108,187.63
16-Jun-14,-0.8984,0.153,0.755,0.092,187.13
17-Jun-14,-0.9349,0.142,0.774,0.084,183.55
18-Jun-14,-0.9569,0.158,0.725,0.116,182.06
19-Jun-14,-0.9938,0.201,0.74,0.059,178.61
20-Jun-14,-0.6808,0.127,0.758,0.116,178.7
23-Jun-14,-0.9711,0.152,0.823,0.025,180.34
24-Jun-14,-0.9783,0.188,0.73,0.082,184.79
25-Jun-14,-0.9657,0.172,0.725,0.104,182.69
26-Jun-14,-0.9895,0.207,0.698,0.095,184.98
27-Jun-14,-0.9493,0.132,0.794,0.073,188.55
30-Jun-14,-0.959,0.18,0.725,0.096,193.79
1-Jul-14,-0.9652,0.133,0.82,0.048,194.07
2-Jul-14,-0.9953,0.181,0.789,0.03,194.01
3-Jul-14,-0.9818,0.145,0.809,0.046,192.62
4-Jul-14,-0.9029,0.141,0.743,0.116,191.94
7-Jul-14,-0.9825,0.159,0.76,0.082,191.04
8-Jul-14,-0.9979,0.206,0.762,0.033,189.41
9-Jul-14,-0.978,0.149,0.776,0.075,190.69
10-Jul-14,-0.9955,0.223,0.72,0.057,188.07
11-Jul-14,-0.9607,0.125,0.797,0.079,187.68
14-Jul-14,-0.9763,0.147,0.805,0.048,189.61
15-Jul-14,-0.9921,0.153,0.826,0.021,189.61
16-Jul-14,-0.9943,0.188,0.729,0.083,188.22
17-Jul-14,-0.9858,0.147,0.792,0.061,191.88
18-Jul-14,-0.9943,0.172,0.77,0.058,189.89
21-Jul-14,-0.9918,0.169,0.766,0.065,190.08
22-Jul-14,-0.9946,0.167,0.803,0.03,189.72
23-Jul-14,-0.9904,0.159,0.8,0.04,188.98
24-Jul-14,-0.9898,0.168,0.778,0.054,188.3
28-Jul-14,-0.9842,0.19,0.739,0.071,188.02
4-Aug-14,-0.9952,0.182,0.763,0.055,187.17
5-Aug-14,-0.1852,0.102,0.806,0.092,189.9
6-Aug-14,-0.9865,0.139,0.791,0.07,190.31
7-Aug-14,-0.9573,0.121,0.798,0.081,190.42
8-Aug-14,-0.9929,0.162,0.793,0.045,188.67
11-Aug-14,-0.9974,0.22,0.73,0.05,182.18
12-Aug-14,-0.988,0.14,0.79,0.069,183.2
13-Aug-14,-0.2598,0.088,0.832,0.08,185.02
15-Aug-14,-0.9667,0.16,0.758,0.083,189.85
18-Aug-14,-0.9872,0.157,0.794,0.049,187.65
19-Aug-14,-0.9742,0.147,0.771,0.083,185.63
20-Aug-14,-0.6322,0.08,0.848,0.072,185.98
21-Aug-14,-0.9703,0.164,0.733,0.103,186.87
22-Aug-14,-0.9941,0.199,0.743,0.058,186.02
25-Aug-14,-0.994,0.196,0.745,0.059,185.05
26-Aug-14,-0.9753,0.145,0.779,0.076,185.01
27-Aug-14,0.4939,0.122,0.743,0.135,183.97
28-Aug-14,-0.9737,0.121,0.816,0.063,185.04
29-Aug-14,-0.4005,0.105,0.791,0.103,189.56
1-Sep-14,-0.982,0.172,0.763,0.065,188.99
2-Sep-14,-0.9771,0.175,0.765,0.06,190.78
3-Sep-14,-0.7269,0.121,0.779,0.1,189.31
4-Sep-14,-0.9686,0.125,0.805,0.069,188.18
5-Sep-14,-0.5106,0.124,0.762,0.115,186.77
8-Sep-14,-0.9903,0.195,0.729,0.076,187.24
9-Sep-14,-0.9902,0.189,0.719,0.093,190.51
10-Sep-14,0.3895,0.066,0.857,0.077,188.07
11-Sep-14,-0.981,0.159,0.801,0.04,197.47
12-Sep-14,-0.9899,0.187,0.744,0.069,194.9
15-Sep-14,-0.9892,0.179,0.766,0.055,204.62
16-Sep-14,-0.9801,0.162,0.771,0.066,211.41
17-Sep-14,-0.9865,0.167,0.765,0.068,213.9
18-Sep-14,-0.8591,0.091,0.842,0.067,210.85
19-Sep-14,-0.9618,0.142,0.78,0.078,208.82
22-Sep-14,-0.9956,0.227,0.704,0.069,208.35
23-Sep-14,-0.9879,0.222,0.72,0.057,207.82
24-Sep-14,-0.965,0.142,0.783,0.076,211.8
25-Sep-14,-0.9938,0.219,0.743,0.038,207.59
26-Sep-14,-0.8519,0.128,0.758,0.114,201.46
29-Sep-14,-0.9349,0.13,0.781,0.089,200.1
30-Sep-14,-0.9101,0.115,0.813,0.072,209.18
1-Oct-14,-0.9877,0.186,0.712,0.102,209.82
2-Oct-14,-0.9954,0.188,0.759,0.053,209.54
3-Oct-14,-0.9942,0.223,0.716,0.062,206.08
9-Oct-14,-0.9829,0.182,0.736,0.082,200.84
10-Oct-14,-0.9741,0.144,0.814,0.041,203.8
13-Oct-14,0.8918,0.054,0.85,0.095,213.68
14-Oct-14,-0.9378,0.089,0.866,0.045,212.94
15-Oct-14,-0.9272,0.134,0.767,0.099,212.52
16-Oct-14,-0.9866,0.19,0.745,0.066,208.44
17-Oct-14,-0.9885,0.155,0.772,0.074,207.06
20-Oct-14,-0.9325,0.108,0.832,0.06,206.39
21-Oct-14,-0.9935,0.199,0.766,0.035,206.94
22-Oct-14,-0.8555,0.114,0.795,0.091,208.3
23-Oct-14,-0.9796,0.147,0.782,0.071,214.11
24-Oct-14,-0.7351,0.12,0.796,0.085,211.57
27-Oct-14,-0.5574,0.12,0.775,0.105,216.51
28-Oct-14,-0.9655,0.125,0.79,0.086,215.36
29-Oct-14,-0.9912,0.196,0.732,0.072,213.39
30-Oct-14,-0.9873,0.179,0.738,0.084,214.6
31-Oct-14,-0.9423,0.135,0.784,0.081,214.53
5-Nov-14,-0.9812,0.182,0.74,0.078,216.15
6-Nov-14,-0.9841,0.16,0.767,0.073,217.07
7-Nov-14,-0.9904,0.166,0.777,0.057,214.49
10-Nov-14,-0.9681,0.109,0.834,0.057,213.59
11-Nov-14,-0.9933,0.184,0.766,0.05,214.74
12-Nov-14,-0.9681,0.149,0.761,0.09,215.15
13-Nov-14,-0.9723,0.111,0.834,0.055,213.11
14-Nov-14,-0.9906,0.196,0.744,0.061,211.85
17-Nov-14,-0.9802,0.182,0.717,0.101,214.48
18-Nov-14,-0.995,0.212,0.752,0.036,213.21
19-Nov-14,-0.9927,0.193,0.75,0.057,211.76
20-Nov-14,-0.9893,0.16,0.788,0.052,207
21-Nov-14,-0.7761,0.097,0.81,0.093,209.49
24-Nov-14,-0.9842,0.161,0.794,0.045,209.65
25-Nov-14,-0.993,0.169,0.79,0.041,208.7
26-Nov-14,-0.9841,0.145,0.815,0.04,208.58
27-Nov-14,-0.9679,0.184,0.734,0.082,207.44
28-Nov-14,-0.9922,0.181,0.776,0.043,204.75
1-Dec-14,-0.8999,0.108,0.817,0.075,201.56
2-Dec-14,-0.8979,0.113,0.814,0.073,201.43
3-Dec-14,-0.9854,0.156,0.804,0.041,201.15
4-Dec-14,-0.985,0.169,0.766,0.065,204.39
5-Dec-14,-0.9971,0.251,0.709,0.04,205.98
8-Dec-14,-0.8478,0.134,0.761,0.105,209.6
9-Dec-14,-0.2815,0.125,0.75,0.125,208.91
10-Dec-14,-0.9913,0.22,0.72,0.06,208.03
11-Dec-14,-0.3382,0.09,0.824,0.085,208
12-Dec-14,0.7506,0.078,0.808,0.114,207.38
15-Dec-14,-0.913,0.132,0.78,0.088,208.03
16-Dec-14,-0.99,0.176,0.791,0.033,207.63
17-Dec-14,-0.9851,0.187,0.74,0.073,207.99
18-Dec-14,-0.9972,0.257,0.697,0.045,211.01
19-Dec-14,-0.9985,0.297,0.651,0.052,215.13
22-Dec-14,-0.9853,0.182,0.751,0.067,222.42
23-Dec-14,0.1719,0.099,0.797,0.104,224.84
24-Dec-14,-0.9945,0.205,0.71,0.085,221.72
26-Dec-14,-0.9946,0.219,0.723,0.058,218.56
29-Dec-14,-0.9946,0.224,0.733,0.043,216.65
30-Dec-14,-0.9873,0.134,0.838,0.029,217.64
31-Dec-14,-0.9937,0.232,0.667,0.102,216.26
1-Jan-15,-0.9793,0.153,0.788,0.059,216.03
2-Jan-15,-0.9938,0.247,0.669,0.084,218.8
5-Jan-15,-0.9853,0.235,0.707,0.058,220.02
6-Jan-15,-0.9906,0.173,0.774,0.053,218.46
7-Jan-15,-0.9806,0.135,0.807,0.058,219.57
8-Jan-15,-0.9361,0.165,0.708,0.126,215.99
9-Jan-15,-0.9927,0.169,0.795,0.036,217.54
12-Jan-15,-0.9924,0.198,0.75,0.053,217.82
13-Jan-15,-0.9877,0.155,0.8,0.045,217.1
14-Jan-15,-0.7574,0.142,0.736,0.122,217.96
15-Jan-15,-0.9942,0.194,0.766,0.04,218.01
16-Jan-15,-0.4694,0.142,0.718,0.139,215.7
19-Jan-15,-0.995,0.197,0.764,0.039,215.71
20-Jan-15,-0.9968,0.225,0.755,0.019,213.69
21-Jan-15,-0.9954,0.183,0.77,0.046,213.88
22-Jan-15,-0.9886,0.136,0.793,0.071,212.82
23-Jan-15,-0.9699,0.128,0.809,0.062,212.36
26-Jan-15,-0.993,0.191,0.707,0.101,215.42
27-Jan-15,-0.9715,0.146,0.774,0.08,211.36
28-Jan-15,-0.9896,0.173,0.756,0.072,206.43
29-Jan-15,-0.8187,0.116,0.79,0.094,207.95
30-Jan-15,-0.9923,0.18,0.769,0.051,210.47
2-Feb-15,-0.9716,0.134,0.789,0.078,211.53
3-Feb-15,-0.995,0.205,0.72,0.075,212.76
4-Feb-15,-0.9956,0.189,0.76,0.05,212.91
6-Feb-15,0.6705,0.088,0.797,0.115,210.42
9-Feb-15,-0.9907,0.185,0.773,0.042,208.09
10-Feb-15,-0.9907,0.149,0.807,0.043,204.36
11-Feb-15,-0.9813,0.133,0.807,0.06,203.71
12-Feb-15,0.2283,0.097,0.802,0.102,197.91
13-Feb-15,-0.9823,0.141,0.797,0.063,201.84
16-Feb-15,-0.9826,0.154,0.768,0.078,202.48
17-Feb-15,-0.9898,0.174,0.739,0.087,202.48
18-Feb-15,-0.9939,0.182,0.767,0.051,204.41
19-Feb-15,-0.6369,0.129,0.74,0.131,205.49
20-Feb-15,-0.9512,0.123,0.798,0.079,205.05
23-Feb-15,-0.9734,0.133,0.785,0.082,203.99
24-Feb-15,-0.9862,0.15,0.781,0.069,204.44
25-Feb-15,-0.9654,0.135,0.778,0.087,203.68
26-Feb-15,-0.9956,0.195,0.737,0.067,203.23
27-Feb-15,-0.9857,0.141,0.784,0.075,203.71
2-Mar-15,-0.9945,0.188,0.765,0.048,202.85
3-Mar-15,-0.9966,0.227,0.721,0.051,200.91
4-Mar-15,-0.9928,0.169,0.791,0.04,200.2
5-Mar-15,-0.9514,0.091,0.858,0.051,202.61
6-Mar-15,-0.9799,0.167,0.758,0.076,201.89
9-Mar-15,-0.9415,0.129,0.764,0.106,200.26
10-Mar-15,-0.921,0.135,0.76,0.106,198.9
11-Mar-15,-0.9794,0.146,0.773,0.081,197.69
12-Mar-15,-0.995,0.178,0.755,0.067,196.01
13-Mar-15,-0.9967,0.218,0.706,0.076,199.97
16-Mar-15,-0.9938,0.185,0.756,0.058,189.55
17-Mar-15,-0.9853,0.143,0.789,0.068,185.25
18-Mar-15,-0.9956,0.194,0.754,0.052,187.64
19-Mar-15,-0.9895,0.189,0.725,0.086,188.28
20-Mar-15,-0.9716,0.129,0.786,0.085,190.16
24-Mar-15,-0.6229,0.11,0.787,0.102,187.5
25-Mar-15,-0.9926,0.161,0.791,0.049,185.94
26-Mar-15,-0.9878,0.156,0.79,0.054,179.94
27-Mar-15,-0.9722,0.155,0.757,0.088,176.29
30-Mar-15,-0.9552,0.139,0.779,0.081,169.4
31-Mar-15,-0.991,0.202,0.74,0.058,177.87
1-Apr-15,-0.505,0.097,0.818,0.086,184.96
2-Apr-15,-0.991,0.16,0.794,0.046,187.66
3-Apr-15,-0.99,0.148,0.794,0.058,185.62
6-Apr-15,-0.974,0.158,0.764,0.078,181.32
7-Apr-15,-0.9904,0.159,0.774,0.067,175.41
8-Apr-15,-0.9918,0.191,0.745,0.064,174.11
9-Apr-15,-0.2746,0.087,0.832,0.081,181.68
10-Apr-15,0.4822,0.095,0.785,0.12,184.35
13-Apr-15,-0.9956,0.203,0.735,0.062,179.13
14-Apr-15,-0.9886,0.176,0.744,0.081,181.35
15-Apr-15,-0.9916,0.174,0.747,0.079,181.67
16-Apr-15,-0.9903,0.173,0.732,0.095,188.51
17-Apr-15,-0.9233,0.116,0.806,0.078,185.19
20-Apr-15,-0.9828,0.137,0.813,0.05,185.02
21-Apr-15,-0.936,0.125,0.779,0.095,184.9
22-Apr-15,-0.9839,0.17,0.73,0.1,194.14
23-Apr-15,-0.9906,0.178,0.78,0.042,195.34
24-Apr-15,-0.9911,0.172,0.765,0.063,195.97
27-Apr-15,-0.9939,0.206,0.721,0.073,200.1
28-Apr-15,-0.9775,0.158,0.747,0.095,195.76
29-Apr-15,0.2582,0.097,0.812,0.092,196.89
30-Apr-15,-0.9952,0.171,0.785,0.044,200.6
4-May-15,-0.9884,0.155,0.802,0.043,203.01
5-May-15,-0.9204,0.144,0.739,0.116,199.29
6-May-15,-0.9821,0.14,0.794,0.065,199.03
7-May-15,-0.9711,0.111,0.839,0.05,200.02
8-May-15,-0.9927,0.183,0.776,0.041,200.23
11-May-15,-0.9766,0.131,0.814,0.054,199.98
12-May-15,-0.7059,0.12,0.765,0.115,203.48
13-May-15,-0.9941,0.196,0.727,0.077,201.25
14-May-15,-0.9749,0.147,0.755,0.097,195.92
15-May-15,-0.9554,0.128,0.779,0.094,197.23
18-May-15,-0.9731,0.155,0.764,0.081,195.98
19-May-15,-0.9875,0.175,0.75,0.075,196.96
20-May-15,-0.9926,0.186,0.743,0.071,197.32
21-May-15,-0.9801,0.137,0.789,0.074,196.94
22-May-15,-0.8265,0.107,0.809,0.084,196.12
25-May-15,-0.9319,0.106,0.823,0.071,193.93
26-May-15,-0.9911,0.179,0.753,0.068,193.06
27-May-15,-0.9443,0.134,0.769,0.098,195.89
28-May-15,-0.8992,0.098,0.827,0.075,194.11
29-May-15,-0.9563,0.138,0.768,0.094,203.28
1-Jun-15,-0.9948,0.197,0.712,0.091,212.91
2-Jun-15,-0.9867,0.128,0.842,0.03,209.95
3-Jun-15,-0.9129,0.101,0.824,0.075,209.42
4-Jun-15,-0.8574,0.098,0.827,0.075,209.98
5-Jun-15,-0.9889,0.181,0.719,0.099,209.1
8-Jun-15,-0.9712,0.126,0.819,0.055,199.96
9-Jun-15,-0.9775,0.144,0.781,0.075,204.8
10-Jun-15,-0.9109,0.133,0.764,0.103,203.3
11-Jun-15,-0.9972,0.221,0.713,0.067,205.57
12-Jun-15,-0.9909,0.214,0.714,0.072,203.76
15-Jun-15,0.4276,0.08,0.826,0.094,203.15
16-Jun-15,-0.9485,0.119,0.811,0.07,202.23
17-Jun-15,-0.9628,0.123,0.839,0.038,201.92
18-Jun-15,-0.9869,0.149,0.807,0.045,204.39
19-Jun-15,-0.9767,0.159,0.747,0.094,205.07
22-Jun-15,-0.9721,0.135,0.801,0.064,206.99
23-Jun-15,-0.9873,0.158,0.77,0.071,205.62
24-Jun-15,-0.9939,0.164,0.791,0.045,207.01
25-Jun-15,-0.9852,0.139,0.791,0.069,207
26-Jun-15,-0.9825,0.138,0.821,0.042,207
29-Jun-15,-0.9941,0.181,0.745,0.074,209.54
30-Jun-15,-0.9793,0.125,0.828,0.047,215.15
1-Jul-15,-0.9964,0.209,0.758,0.033,214.58
2-Jul-15,-0.9885,0.183,0.733,0.084,211.04
3-Jul-15,-0.9828,0.126,0.815,0.059,213.35
6-Jul-15,-0.9968,0.19,0.779,0.031,212.97
7-Jul-15,-0.9802,0.138,0.774,0.088,212.91
8-Jul-15,-0.8545,0.122,0.771,0.107,213.37
9-Jul-15,-0.9601,0.132,0.784,0.084,213.74
10-Jul-15,-0.9706,0.096,0.851,0.053,214.06
13-Jul-15,-0.7716,0.088,0.831,0.081,215.04
14-Jul-15,-0.9927,0.198,0.715,0.087,218.43
15-Jul-15,-0.9692,0.127,0.818,0.055,223.26
16-Jul-15,0.3987,0.1,0.79,0.11,232.24
22-Jul-15,-0.9616,0.156,0.738,0.106,231.41
23-Jul-15,-0.9417,0.118,0.799,0.083,228.66
24-Jul-15,-0.8268,0.102,0.813,0.085,227.92
27-Jul-15,-0.9826,0.13,0.803,0.067,224.08
28-Jul-15,-0.941,0.12,0.802,0.078,225
29-Jul-15,-0.975,0.142,0.774,0.084,231.4
30-Jul-15,-0.9897,0.17,0.745,0.085,235.53
31-Jul-15,-0.9897,0.149,0.779,0.071,233.33
3-Aug-15,-0.9883,0.168,0.749,0.083,233.93
4-Aug-15,-0.9806,0.149,0.764,0.087,234.32
5-Aug-15,-0.9763,0.184,0.697,0.118,233
6-Aug-15,-0.995,0.161,0.771,0.068,230.2
7-Aug-15,-0.9797,0.134,0.775,0.091,228.55
10-Aug-15,-0.9968,0.215,0.717,0.068,227.83
11-Aug-15,-0.9964,0.214,0.689,0.098,225.93
12-Aug-15,-0.9729,0.14,0.784,0.076,225.26
13-Aug-15,-0.9929,0.173,0.738,0.088,222.56
17-Aug-15,-0.9801,0.157,0.754,0.09,219.23
18-Aug-15,-0.9956,0.194,0.734,0.072,218.27
19-Aug-15,-0.9865,0.161,0.756,0.083,219.05
20-Aug-15,-0.9828,0.158,0.742,0.099,217.46
21-Aug-15,-0.9918,0.143,0.817,0.039,211.51
24-Aug-15,-0.9906,0.197,0.696,0.108,208.99
25-Aug-15,-0.9705,0.123,0.797,0.081,211.69
26-Aug-15,-0.9942,0.178,0.768,0.054,207.08
27-Aug-15,-0.9948,0.174,0.744,0.081,207.52
28-Aug-15,-0.9926,0.169,0.78,0.051,212.29
31-Aug-15,0.9402,0.098,0.767,0.135,222.85
1-Sep-15,-0.9966,0.207,0.732,0.061,218.91
2-Sep-15,-0.9949,0.162,0.795,0.043,213.03
3-Sep-15,-0.9899,0.148,0.819,0.033,214
4-Sep-15,-0.991,0.156,0.767,0.077,213.15
7-Sep-15,-0.9839,0.164,0.742,0.094,210.02
8-Sep-15,-0.9921,0.142,0.808,0.05,214.8
9-Sep-15,-0.9867,0.173,0.751,0.076,215.14
10-Sep-15,-0.9623,0.104,0.829,0.066,220.02
11-Sep-15,-0.9757,0.141,0.778,0.081,216.44
14-Sep-15,-0.9803,0.132,0.81,0.058,212.9
15-Sep-15,-0.9408,0.12,0.79,0.09,211.94
16-Sep-15,-0.9778,0.146,0.784,0.07,211.47
17-Sep-15,-0.975,0.115,0.825,0.06,208.16
18-Sep-15,-0.9974,0.216,0.743,0.041,202.62
21-Sep-15,-0.9939,0.191,0.729,0.081,207.36
22-Sep-15,-0.9719,0.127,0.8,0.073,205.27
23-Sep-15,-0.9885,0.158,0.768,0.075,204.71
28-Sep-15,-0.9636,0.147,0.758,0.095,204.65
29-Sep-15,-0.9913,0.152,0.787,0.061,199.99
30-Sep-15,-0.9731,0.134,0.775,0.091,197.68
1-Oct-15,-0.9968,0.162,0.785,0.053,197.87
2-Oct-15,-0.9779,0.163,0.72,0.117,198.27
5-Oct-15,-0.9633,0.125,0.811,0.064,198.01
6-Oct-15,-0.9773,0.138,0.768,0.094,203.25
7-Oct-15,-0.9914,0.133,0.846,0.021,204
8-Oct-15,-0.6616,0.095,0.815,0.09,201.67
9-Oct-15,-0.9694,0.133,0.781,0.086,202.93
12-Oct-15,-0.8245,0.075,0.863,0.061,204.2
13-Oct-15,-0.9909,0.132,0.803,0.065,206.04
14-Oct-15,-0.9884,0.165,0.746,0.089,205.46
15-Oct-15,-0.7815,0.089,0.832,0.079,205.7
16-Oct-15,-0.9937,0.152,0.784,0.064,206.51
19-Oct-15,-0.9906,0.156,0.778,0.066,205.21
20-Oct-15,-0.9821,0.116,0.823,0.061,204.97
21-Oct-15,-0.9786,0.12,0.81,0.07,209.67
22-Oct-15,-0.9704,0.13,0.776,0.093,208
26-Oct-15,-0.9814,0.149,0.764,0.087,207
27-Oct-15,-0.9938,0.165,0.795,0.041,207.03
28-Oct-15,-0.9834,0.161,0.731,0.109,207.99
29-Oct-15,-0.3094,0.107,0.783,0.11,208.59
30-Oct-15,-0.9697,0.101,0.856,0.043,209.69
2-Nov-15,-0.9865,0.161,0.781,0.058,210
3-Nov-15,-0.9371,0.144,0.747,0.109,209.31
4-Nov-15,-0.9935,0.16,0.759,0.081,211
5-Nov-15,-0.967,0.122,0.788,0.089,210.59
6-Nov-15,-0.9737,0.136,0.758,0.106,210.99
9-Nov-15,-0.8884,0.093,0.834,0.073,211.58
10-Nov-15,-0.9898,0.151,0.77,0.079,206.92
11-Nov-15,-0.7645,0.123,0.773,0.104,208.94
12-Nov-15,0.9345,0.101,0.765,0.134,211.18
13-Nov-15,-0.9308,0.123,0.788,0.088,210.02
16-Nov-15,-0.9241,0.13,0.777,0.094,208.84
17-Nov-15,-0.9911,0.143,0.815,0.042,212.08
18-Nov-15,0.8966,0.075,0.807,0.118,211.39
19-Nov-15,-0.9784,0.134,0.786,0.08,212.26
20-Nov-15,-0.9926,0.16,0.777,0.063,212.01
23-Nov-15,-0.9764,0.141,0.764,0.096,212.1
24-Nov-15,0.9808,0.047,0.844,0.109,212.51
25-Nov-15,-0.9897,0.152,0.773,0.074,207.92
26-Nov-15,-0.9937,0.16,0.77,0.071,206.86
27-Nov-15,-0.9957,0.195,0.751,0.055,208
30-Nov-15,-0.3859,0.093,0.814,0.094,202.91
1-Dec-15,-0.9829,0.149,0.771,0.08,199.4
2-Dec-15,-0.9816,0.147,0.763,0.09,202.52
3-Dec-15,-0.969,0.121,0.808,0.071,208.52
4-Dec-15,0.9807,0.052,0.806,0.141,209.2
7-Dec-15,0.9717,0.057,0.822,0.121,210.14
8-Dec-15,-0.9694,0.132,0.772,0.096,211.23
9-Dec-15,0.9774,0.096,0.747,0.157,214.03
10-Dec-15,-0.9833,0.13,0.806,0.064,215.04
11-Dec-15,-0.7667,0.115,0.78,0.105,215.39
14-Dec-15,-0.7055,0.129,0.753,0.118,216.09
15-Dec-15,-0.9938,0.162,0.769,0.069,215.01
16-Dec-15,-0.9646,0.139,0.757,0.103,215.27
17-Dec-15,-0.9386,0.105,0.825,0.069,219.28
18-Dec-15,-0.9438,0.112,0.808,0.081,208.32
21-Dec-15,-0.9871,0.165,0.772,0.063,200.08
22-Dec-15,-0.9953,0.176,0.784,0.04,199.15
23-Dec-15,-0.9797,0.13,0.794,0.076,201.8
28-Dec-15,-0.9952,0.197,0.724,0.079,199.8
29-Dec-15,-0.9931,0.162,0.784,0.054,200.82
30-Dec-15,-0.9826,0.155,0.742,0.103,201.04
31-Dec-15,-0.9914,0.155,0.808,0.037,200.12
1-Jan-16,-0.9503,0.134,0.781,0.086,201.07
4-Jan-16,-0.968,0.126,0.806,0.067,200.07
5-Jan-16,-0.7003,0.062,0.883,0.054,200.01
6-Jan-16,-0.9652,0.122,0.829,0.049,198.43
7-Jan-16,-0.8126,0.123,0.766,0.111,196.24
8-Jan-16,-0.9799,0.154,0.757,0.089,193.36
11-Jan-16,-0.8979,0.106,0.81,0.085,190.9
12-Jan-16,-0.9871,0.156,0.771,0.073,193.01
13-Jan-16,-0.9905,0.155,0.775,0.07,192.81
14-Jan-16,-0.9959,0.208,0.72,0.071,187.51
15-Jan-16,-0.9594,0.116,0.804,0.08,184.52
18-Jan-16,-0.9791,0.129,0.813,0.058,179.9
19-Jan-16,-0.9787,0.115,0.848,0.037,180.99
20-Jan-16,-0.9689,0.159,0.788,0.053,177.39
21-Jan-16,-0.9963,0.208,0.729,0.063,178.9
22-Jan-16,-0.9915,0.187,0.734,0.079,177.84
25-Jan-16,-0.9501,0.127,0.788,0.085,177.15
26-Jan-16,-0.9898,0.164,0.779,0.056,175.99
27-Jan-16,-0.9616,0.119,0.818,0.064,176.01
28-Jan-16,-0.9743,0.144,0.773,0.083,171.18
29-Jan-16,-0.9525,0.094,0.855,0.051,171.05
1-Feb-16,-0.7925,0.106,0.809,0.085,179.6
2-Feb-16,-0.995,0.185,0.769,0.045,183.75
3-Feb-16,-0.9844,0.171,0.732,0.097,188.7
4-Feb-16,-0.9919,0.193,0.732,0.075,192.09
8-Feb-16,0.9043,0.105,0.747,0.148,196.17
9-Feb-16,-0.8868,0.124,0.789,0.087,195.16
10-Feb-16,-0.9927,0.168,0.781,0.051,192.23
11-Feb-16,-0.9865,0.184,0.706,0.11,188.6
12-Feb-16,0.2732,0.096,0.795,0.108,185.01
15-Feb-16,0.9454,0.067,0.805,0.128,191.35
16-Feb-16,-0.9224,0.116,0.799,0.085,189.09
17-Feb-16,-0.9923,0.153,0.798,0.049,186.38
18-Feb-16,-0.9619,0.117,0.805,0.078,184.14
19-Feb-16,-0.9822,0.145,0.768,0.087,183.61
22-Feb-16,-0.933,0.154,0.737,0.109,183.23
23-Feb-16,-0.9881,0.157,0.776,0.066,178.77
24-Feb-16,-0.9943,0.178,0.754,0.068,177.59
25-Feb-16,-0.9902,0.155,0.778,0.067,176.72
26-Feb-16,0.8072,0.084,0.81,0.106,183.47
29-Feb-16,-0.9856,0.18,0.735,0.084,181.03
1-Mar-16,-0.9968,0.204,0.741,0.055,181.01
2-Mar-16,-0.8481,0.138,0.739,0.122,183.68
3-Mar-16,-0.9684,0.149,0.762,0.089,187.27
4-Mar-16,-0.9893,0.17,0.749,0.081,187.4
7-Mar-16,-0.7394,0.105,0.798,0.097,191.37
8-Mar-16,0.9653,0.071,0.799,0.131,189.85
9-Mar-16,-0.8507,0.078,0.865,0.057,185.98
10-Mar-16,-0.9781,0.12,0.819,0.061,182.92
11-Mar-16,-0.6465,0.08,0.85,0.071,181.24
14-Mar-16,-0.9211,0.111,0.805,0.084,181.96
15-Mar-16,-0.9306,0.107,0.801,0.092,179.86
16-Mar-16,-0.9897,0.167,0.767,0.066,181.96
17-Mar-16,-0.9937,0.188,0.732,0.08,181.13
18-Mar-16,0.1513,0.082,0.834,0.084,181.74
21-Mar-16,-0.9832,0.148,0.791,0.061,177.8
22-Mar-16,-0.9878,0.182,0.744,0.074,177.94
24-Mar-16,-0.9382,0.163,0.707,0.13,176.5
25-Mar-16,-0.9581,0.105,0.835,0.061,177.44
28-Mar-16,-0.9393,0.106,0.835,0.059,176.08
29-Mar-16,-0.9906,0.168,0.779,0.052,174.04
30-Mar-16,-0.9806,0.135,0.81,0.055,170.79
31-Mar-16,-0.9586,0.11,0.821,0.069,171.54
1-Apr-16,-0.9919,0.171,0.772,0.058,173.34
4-Apr-16,-0.9357,0.13,0.794,0.076,175.31
5-Apr-16,-0.9206,0.127,0.784,0.089,173.48
6-Apr-16,-0.9913,0.164,0.764,0.072,175.01
7-Apr-16,-0.6254,0.078,0.857,0.066,174
8-Apr-16,-0.7717,0.132,0.751,0.117,174.6
11-Apr-16,-0.993,0.185,0.774,0.04,174.48
12-Apr-16,-0.9741,0.134,0.818,0.048,173.1
13-Apr-16,-0.9779,0.149,0.773,0.079,173.28
14-Apr-16,-0.966,0.141,0.783,0.076,173.66
15-Apr-16,-0.9587,0.126,0.792,0.082,173.14
18-Apr-16,-0.9676,0.135,0.793,0.072,174.42
19-Apr-16,-0.9663,0.14,0.767,0.092,173.36
20-Apr-16,-0.9305,0.119,0.802,0.079,174.03
21-Apr-16,-0.9915,0.169,0.776,0.054,174.47
22-Apr-16,-0.993,0.165,0.772,0.063,174.17
25-Apr-16,-0.9878,0.167,0.745,0.087,172.82
26-Apr-16,-0.9926,0.155,0.799,0.046,173.8
27-Apr-16,-0.9752,0.115,0.824,0.061,176.22
28-Apr-16,-0.9869,0.16,0.747,0.093,179.94
29-Apr-16,0.5517,0.114,0.752,0.134,188.93
2-May-16,-0.9732,0.108,0.841,0.051,189.04
3-May-16,-0.9861,0.176,0.745,0.079,192
4-May-16,-0.9862,0.126,0.843,0.03,194.18
5-May-16,-0.9666,0.112,0.826,0.062,201.18
6-May-16,-0.9901,0.185,0.707,0.109,199.04
9-May-16,-0.988,0.134,0.825,0.041,198.39
10-May-16,-0.9776,0.114,0.835,0.052,197.94
11-May-16,-0.9694,0.135,0.788,0.077,197.54
12-May-16,-0.9679,0.119,0.819,0.062,188.34
13-May-16,-0.9878,0.202,0.723,0.075,187.98
16-May-16,-0.9859,0.169,0.773,0.059,185.34
17-May-16,-0.8865,0.106,0.816,0.078,185.55
18-May-16,-0.9833,0.156,0.79,0.053,186.27
19-May-16,-0.9599,0.124,0.814,0.063,187.39
20-May-16,-0.9836,0.188,0.726,0.086,186.41
23-May-16,-0.9933,0.234,0.71,0.056,181.19
24-May-16,-0.9792,0.218,0.691,0.091,179.81
25-May-16,-0.9595,0.123,0.824,0.053,180.35
26-May-16,-0.9847,0.147,0.804,0.049,179.45
27-May-16,-0.988,0.157,0.791,0.053,180.06
30-May-16,-0.5411,0.056,0.909,0.035,175.01
31-May-16,-0.9878,0.203,0.732,0.065,175.77
1-Jun-16,-0.9873,0.139,0.83,0.03,176.88
2-Jun-16,-0.9587,0.144,0.772,0.085,177.46
3-Jun-16,-0.9506,0.108,0.844,0.049,178.95
6-Jun-16,-0.966,0.136,0.83,0.035,178.44
7-Jun-16,-0.9741,0.146,0.806,0.048,177.94
8-Jun-16,-0.9308,0.14,0.777,0.083,176.7
9-Jun-16,-0.8032,0.101,0.816,0.083,176.12
10-Jun-16,-0.9912,0.186,0.759,0.055,174.16
13-Jun-16,-0.7184,0.121,0.793,0.086,176.17
14-Jun-16,-0.9947,0.203,0.744,0.053,184.25
15-Jun-16,-0.9843,0.152,0.793,0.054,191.36
16-Jun-16,-0.9688,0.125,0.804,0.071,200.92
17-Jun-16,-0.9872,0.149,0.8,0.051,210.49
20-Jun-16,-0.8493,0.097,0.832,0.071,203.57
21-Jun-16,-0.9728,0.144,0.763,0.093,202.71
22-Jun-16,-0.9347,0.109,0.822,0.069,200.78
23-Jun-16,-0.981,0.169,0.744,0.086,203.54
24-Jun-16,-0.9376,0.14,0.754,0.106,199.06
27-Jun-16,-0.977,0.143,0.802,0.055,193.28
28-Jun-16,-0.9547,0.112,0.839,0.049,192.94
29-Jun-16,-0.8677,0.112,0.799,0.09,196.33
30-Jun-16,-0.9892,0.171,0.768,0.061,197.56
4-Jul-16,-0.9776,0.15,0.794,0.056,196.38
11-Jul-16,-0.9918,0.241,0.719,0.04,198.33
12-Jul-16,-0.9819,0.203,0.702,0.096,202.7
13-Jul-16,-0.9815,0.168,0.767,0.064,204.14
14-Jul-16,-0.7906,0.105,0.816,0.079,209.86
15-Jul-16,-0.9274,0.122,0.814,0.064,212.18
18-Jul-16,-0.987,0.194,0.741,0.065,211.74
19-Jul-16,-0.9294,0.135,0.76,0.105,211.93
20-Jul-16,-0.9891,0.194,0.74,0.066,210.39
21-Jul-16,-0.9611,0.152,0.746,0.102,210.71
22-Jul-16,-0.6908,0.134,0.741,0.126,208.21
25-Jul-16,-0.9377,0.118,0.826,0.056,209.22
26-Jul-16,-0.9446,0.178,0.711,0.111,210.95
27-Jul-16,-0.9886,0.185,0.748,0.066,217.97
28-Jul-16,-0.9936,0.214,0.686,0.1,220.6
29-Jul-16,-0.9784,0.125,0.812,0.063,217.53
1-Aug-16,-0.9455,0.16,0.713,0.126,218.18
2-Aug-16,-0.9878,0.173,0.773,0.053,218.38
3-Aug-16,-0.9859,0.166,0.752,0.081,216.07
4-Aug-16,-0.7037,0.086,0.845,0.069,214.81
5-Aug-16,-0.9747,0.141,0.783,0.076,214.89
8-Aug-16,-0.9626,0.17,0.741,0.089,217.22
9-Aug-16,-0.9754,0.147,0.8,0.053,220.81
10-Aug-16,-0.9871,0.188,0.737,0.075,222.72
11-Aug-16,-0.964,0.151,0.746,0.102,225.35
12-Aug-16,0.6046,0.096,0.784,0.12,221.97
15-Aug-16,-0.9931,0.245,0.714,0.041,219.95
16-Aug-16,-0.9877,0.185,0.778,0.037,219.49
17-Aug-16,-0.6597,0.087,0.836,0.078,221.39
18-Aug-16,-0.9689,0.133,0.806,0.06,217.46
19-Aug-16,-0.9217,0.151,0.754,0.095,214.93
22-Aug-16,-0.9936,0.225,0.732,0.042,216.41
23-Aug-16,-0.966,0.134,0.798,0.068,218.98
24-Aug-16,-0.9129,0.121,0.798,0.081,218.13
25-Aug-16,-0.9298,0.118,0.82,0.062,220.81
26-Aug-16,-0.9907,0.198,0.765,0.037,219.99
29-Aug-16,-0.8886,0.131,0.778,0.091,219.75
30-Aug-16,-0.959,0.137,0.795,0.068,220.97
31-Aug-16,-0.7622,0.09,0.842,0.069,217.47
1-Sep-16,-0.8658,0.103,0.832,0.064,216.56
2-Sep-16,-0.9812,0.199,0.719,0.082,215.93
5-Sep-16,-0.9871,0.213,0.672,0.116,217.84
6-Sep-16,-0.9449,0.19,0.659,0.151,228.54
7-Sep-16,-0.8251,0.144,0.747,0.11,229.68
8-Sep-16,-0.8934,0.126,0.771,0.103,228.16
9-Sep-16,-0.7346,0.118,0.791,0.092,228.7
15-Sep-16,-0.9413,0.212,0.711,0.076,226.74
16-Sep-16,-0.9674,0.186,0.697,0.117,225.31
19-Sep-16,-0.6258,0.094,0.833,0.073,222.49
20-Sep-16,-0.9908,0.216,0.731,0.053,221.94
21-Sep-16,-0.9735,0.142,0.806,0.052,218.13
22-Sep-16,-0.9899,0.159,0.798,0.043,222.42
23-Sep-16,-0.9822,0.189,0.77,0.041,218.39
26-Sep-16,-0.9823,0.169,0.764,0.067,219.31
27-Sep-16,-0.9891,0.137,0.835,0.027,217.66
28-Sep-16,-0.9451,0.121,0.831,0.049,217.85
29-Sep-16,0.5514,0.081,0.819,0.1,219.53
30-Sep-16,-0.7865,0.142,0.745,0.113,220.81
3-Oct-16,-0.2321,0.133,0.734,0.133,222.04
4-Oct-16,-0.9764,0.155,0.76,0.086,223.61
5-Oct-16,-0.5716,0.096,0.825,0.079,222.38
6-Oct-16,-0.2656,0.083,0.838,0.079,219.97
7-Oct-16,-0.9377,0.105,0.838,0.057,222.28
10-Oct-16,-0.9913,0.192,0.734,0.074,222.88
13-Oct-16,-0.7184,0.102,0.821,0.077,222.24
14-Oct-16,-0.9136,0.108,0.826,0.065,221.59
17-Oct-16,-0.9906,0.192,0.745,0.063,221
18-Oct-16,-0.9686,0.13,0.803,0.066,220.21
19-Oct-16,-0.9652,0.142,0.787,0.072,219.68
20-Oct-16,-0.9262,0.1,0.855,0.046,224.27
21-Oct-16,0.919,0.089,0.781,0.13,224.21
24-Oct-16,-0.9811,0.18,0.726,0.094,226.36
25-Oct-16,-0.9261,0.151,0.752,0.097,228.72
26-Oct-16,-0.9965,0.225,0.716,0.059,224.91
27-Oct-16,-0.9828,0.13,0.845,0.024,221.06
28-Oct-16,-0.9859,0.177,0.768,0.055,221.05
31-Oct-16,-0.8095,0.072,0.877,0.051,223.68
1-Nov-16,-0.922,0.117,0.809,0.074,231.5
2-Nov-16,-0.624,0.118,0.787,0.095,239.69
3-Nov-16,-0.6486,0.117,0.778,0.105,248.26
4-Nov-16,-0.9776,0.127,0.854,0.018,241.38
7-Nov-16,-0.9847,0.173,0.743,0.083,241.21
8-Nov-16,-0.9896,0.163,0.775,0.062,238.72
9-Nov-16,-0.9847,0.186,0.729,0.086,239.98
10-Nov-16,-0.4754,0.116,0.78,0.104,245.06
11-Nov-16,-0.9911,0.175,0.779,0.046,247.12
14-Nov-16,-0.9931,0.191,0.772,0.037,242.96
15-Nov-16,-0.8074,0.147,0.726,0.127,240.08
16-Nov-16,-0.9648,0.128,0.824,0.049,239.9
17-Nov-16,-0.966,0.121,0.85,0.029,239.72
18-Nov-16,-0.9476,0.113,0.829,0.058,236.9
21-Nov-16,0.5335,0.096,0.797,0.107,235.9
22-Nov-16,-0.986,0.132,0.804,0.064,231.97
23-Nov-16,-0.9909,0.156,0.783,0.061,232.77
24-Nov-16,-0.9715,0.13,0.788,0.082,232.04
25-Nov-16,-0.8074,0.114,0.785,0.1,232.42
28-Nov-16,-0.9893,0.145,0.802,0.052,232.03
29-Nov-16,-0.9783,0.142,0.789,0.068,228.71
30-Nov-16,-0.9892,0.145,0.792,0.063,227.33
1-Dec-16,-0.9201,0.134,0.787,0.079,223.98
2-Dec-16,-0.9916,0.167,0.772,0.061,230.44
5-Dec-16,-0.9464,0.137,0.776,0.086,229.47
6-Dec-16,-0.8205,0.108,0.808,0.084,229.94
7-Dec-16,-0.8855,0.132,0.777,0.091,232.09
8-Dec-16,-0.9524,0.178,0.725,0.097,235.52
9-Dec-16,-0.9839,0.178,0.758,0.064,242.82
13-Dec-16,-0.9552,0.16,0.786,0.054,244.03
14-Dec-16,0.694,0.101,0.783,0.117,248.48
15-Dec-16,-0.9534,0.11,0.834,0.056,249.43
16-Dec-16,-0.9859,0.186,0.737,0.076,249.34
19-Dec-16,-0.9819,0.159,0.762,0.079,260.11
20-Dec-16,-0.983,0.148,0.817,0.036,273.11
21-Dec-16,0.7351,0.092,0.793,0.114,272.46
22-Dec-16,-0.9849,0.158,0.784,0.057,262.89
23-Dec-16,-0.3784,0.091,0.821,0.088,261.75
26-Dec-16,-0.9716,0.152,0.783,0.065,259.94
27-Dec-16,-0.3369,0.094,0.814,0.092,265.04
28-Dec-16,0.5215,0.097,0.784,0.119,268.06
29-Dec-16,-0.9592,0.132,0.787,0.081,269.15
30-Dec-16,-0.9901,0.2,0.771,0.029,273.25
2-Jan-17,0.4137,0.061,0.865,0.075,281.69
3-Jan-17,-0.9129,0.094,0.843,0.063,279.12
4-Jan-17,-0.986,0.161,0.789,0.05,280.16
5-Jan-17,-0.504,0.103,0.804,0.093,279.21
6-Jan-17,-0.9555,0.147,0.76,0.093,279.32
9-Jan-17,-0.8253,0.101,0.823,0.076,277.19
10-Jan-17,-0.984,0.136,0.82,0.044,275.25
11-Jan-17,-0.8986,0.087,0.856,0.058,276.89
12-Jan-17,-0.9856,0.153,0.78,0.067,274.62
13-Jan-17,-0.9764,0.133,0.802,0.065,273.3
16-Jan-17,-0.9853,0.201,0.717,0.082,267.12
17-Jan-17,-0.9948,0.172,0.8,0.028,261.82
18-Jan-17,-0.9159,0.138,0.768,0.094,260.6
19-Jan-17,-0.9883,0.144,0.818,0.038,260.24
20-Jan-17,-0.9927,0.19,0.778,0.032,260.58
23-Jan-17,-0.9874,0.184,0.768,0.048,260.14
24-Jan-17,-0.9813,0.164,0.748,0.088,258.42
25-Jan-17,0.8156,0.056,0.866,0.078,257.51
26-Jan-17,-0.979,0.146,0.796,0.058,262.41
27-Jan-17,-0.8481,0.137,0.755,0.108,265.09
30-Jan-17,-0.4859,0.108,0.791,0.101,263.64
31-Jan-17,-0.0772,0.098,0.802,0.1,260.88
1-Feb-17,-0.9963,0.231,0.706,0.063,263.41
2-Feb-17,-0.994,0.199,0.761,0.04,262.16
3-Feb-17,-0.9658,0.135,0.773,0.092,260.29
6-Feb-17,-0.9542,0.147,0.75,0.103,263.55
7-Feb-17,-0.9762,0.131,0.795,0.074,264.9
8-Feb-17,-0.8875,0.122,0.778,0.1,266.88
9-Feb-17,-0.9678,0.132,0.786,0.083,267.15
10-Feb-17,0.0129,0.094,0.83,0.076,266.96
13-Feb-17,-0.9942,0.202,0.726,0.072,268.58
14-Feb-17,-0.9875,0.176,0.765,0.059,269.72
15-Feb-17,-0.9424,0.134,0.759,0.107,266.02
16-Feb-17,-0.9904,0.189,0.725,0.086,268.37
17-Feb-17,-0.9916,0.213,0.722,0.066,270.95
20-Feb-17,-0.9967,0.252,0.669,0.079,274.19
21-Feb-17,-0.9849,0.153,0.767,0.08,275.16
22-Feb-17,-0.7973,0.098,0.823,0.08,275.87
23-Feb-17,-0.9922,0.188,0.758,0.053,273.81
24-Feb-17,-0.8885,0.148,0.743,0.109,273.87
27-Feb-17,-0.9266,0.129,0.769,0.103,273.44
28-Feb-17,-0.2946,0.111,0.758,0.131,272.58
1-Mar-17,-0.9929,0.176,0.778,0.046,273.02
2-Mar-17,-0.9904,0.188,0.753,0.059,281.44
3-Mar-17,-0.9839,0.169,0.782,0.049,286.34
6-Mar-17,-0.6553,0.083,0.85,0.068,285.15
7-Mar-17,-0.9859,0.168,0.754,0.078,285.2
8-Mar-17,-0.9893,0.161,0.766,0.073,285.97
9-Mar-17,-0.9675,0.157,0.737,0.106,288.14
10-Mar-17,-0.9749,0.139,0.803,0.058,287.49
13-Mar-17,0.6124,0.061,0.866,0.073,288.3
14-Mar-17,-0.7779,0.078,0.858,0.064,287.18
15-Mar-17,-0.9594,0.136,0.797,0.066,283.53
16-Mar-17,-0.8442,0.096,0.828,0.077,283.86
17-Mar-17,-0.9882,0.173,0.75,0.077,285.4
20-Mar-17,-0.9698,0.139,0.789,0.072,286.84
21-Mar-17,-0.3818,0.116,0.772,0.112,283.03
22-Mar-17,-0.9818,0.125,0.825,0.05,282.21
24-Mar-17,-0.9829,0.155,0.763,0.082,283.98
27-Mar-17,-0.9857,0.13,0.812,0.058,284.49
28-Mar-17,-0.9862,0.154,0.758,0.088,283.01
29-Mar-17,-0.9413,0.102,0.829,0.069,278.31
30-Mar-17,-0.9118,0.114,0.802,0.084,273.51
31-Mar-17,-0.994,0.165,0.769,0.066,269.61
3-Apr-17,-0.9728,0.147,0.765,0.089,267.92
4-Apr-17,-0.9829,0.125,0.802,0.073,265.49
5-Apr-17,-0.9255,0.124,0.788,0.088,259.98
6-Apr-17,-0.9272,0.097,0.826,0.077,259.6
7-Apr-17,-0.8871,0.131,0.783,0.087,267.25
10-Apr-17,-0.5482,0.157,0.698,0.145,269.97
11-Apr-17,-0.9895,0.184,0.731,0.086,276.03
12-Apr-17,-0.9871,0.157,0.757,0.086,275.68
13-Apr-17,-0.9102,0.091,0.849,0.059,269.95
14-Apr-17,-0.9779,0.15,0.764,0.086,268.72
17-Apr-17,-0.791,0.103,0.81,0.087,263.88
18-Apr-17,-0.9871,0.166,0.743,0.091,259.1
19-Apr-17,-0.9839,0.152,0.764,0.085,260.26
20-Apr-17,0.8591,0.135,0.694,0.17,268.92
21-Apr-17,-0.9751,0.146,0.798,0.057,275.6
24-Apr-17,-0.0221,0.068,0.86,0.071,273.14
25-Apr-17,-0.7779,0.148,0.722,0.13,270.41
26-Apr-17,-0.9884,0.155,0.779,0.066,275.83
27-Apr-17,-0.9979,0.239,0.698,0.063,271.36
28-Apr-17,-0.9886,0.142,0.813,0.045,275.59
2-May-17,-0.9859,0.123,0.809,0.068,275.65
3-May-17,-0.9916,0.141,0.798,0.061,278.59
4-May-17,-0.9847,0.112,0.83,0.057,284.78
5-May-17,-0.9858,0.141,0.791,0.067,291
8-May-17,-0.9522,0.107,0.806,0.087,305.55
9-May-17,-0.9931,0.176,0.757,0.067,302.24
10-May-17,-0.9922,0.147,0.812,0.041,306.96
11-May-17,-0.9716,0.121,0.82,0.059,308.57
12-May-17,-0.9786,0.153,0.76,0.086,307.29
15-May-17,-0.9565,0.106,0.856,0.038,307.97
16-May-17,-0.9844,0.14,0.792,0.067,297.67
17-May-17,-0.9801,0.2,0.705,0.095,295
18-May-17,-0.9894,0.196,0.703,0.1,292.02
19-May-17,-0.9831,0.163,0.788,0.049,290.44
22-May-17,-0.9517,0.153,0.74,0.106,299.03
23-May-17,-0.9292,0.126,0.791,0.083,303.33
24-May-17,-0.9649,0.136,0.791,0.073,306.84
25-May-17,0.165,0.067,0.855,0.078,305.48
26-May-17,-0.8735,0.102,0.827,0.071,299.22
29-May-17,-0.9935,0.203,0.732,0.064,292.53
30-May-17,-0.9913,0.191,0.77,0.039,284.58
31-May-17,-0.9826,0.169,0.752,0.079,271.05
1-Jun-17,-0.9925,0.142,0.822,0.036,260.2
2-Jun-17,0.6808,0.071,0.838,0.092,256.02
5-Jun-17,-0.9816,0.134,0.811,0.054,266.65
6-Jun-17,-0.3818,0.123,0.753,0.124,270.68
7-Jun-17,-0.8077,0.139,0.736,0.124,269.86
8-Jun-17,-0.6469,0.116,0.784,0.1,261.81
9-Jun-17,-0.9817,0.155,0.796,0.049,257.49
12-Jun-17,-0.9887,0.186,0.738,0.075,249.06
13-Jun-17,-0.9829,0.147,0.803,0.05,260.95
14-Jun-17,-0.9503,0.101,0.874,0.025,265.84
15-Jun-17,0.2168,0.073,0.86,0.067,267.07
16-Jun-17,0.7745,0.107,0.753,0.14,259.75
19-Jun-17,0.9169,0.084,0.779,0.137,256.93
20-Jun-17,-0.8991,0.132,0.778,0.089,244.41
21-Jun-17,-0.9712,0.131,0.797,0.073,246.4
22-Jun-17,-0.9835,0.155,0.763,0.082,253.33
29-Jun-17,-0.9941,0.222,0.75,0.028,265.99
30-Jun-17,-0.9865,0.141,0.831,0.029,269.14
3-Jul-17,-0.941,0.112,0.808,0.08,255.69
4-Jul-17,-0.9794,0.135,0.792,0.073,254.42
5-Jul-17,-0.5023,0.074,0.865,0.061,246.94
6-Jul-17,-0.9573,0.134,0.767,0.098,247.1
7-Jul-17,-0.9738,0.152,0.763,0.085,250.37
10-Jul-17,-0.9835,0.154,0.775,0.07,254.5
11-Jul-17,0.8952,0.075,0.811,0.114,241.78
12-Jul-17,-0.9887,0.167,0.784,0.049,245.97
13-Jul-17,-0.8318,0.087,0.837,0.075,249.83
14-Jul-17,-0.991,0.183,0.744,0.073,253.04
17-Jul-17,-0.9419,0.148,0.744,0.108,251.3
18-Jul-17,-0.9877,0.166,0.762,0.072,253.57
19-Jul-17,-0.9856,0.143,0.794,0.063,252.69
20-Jul-17,-0.9816,0.151,0.772,0.078,252.21
21-Jul-17,-0.9945,0.182,0.774,0.044,253.13
24-Jul-17,-0.9809,0.143,0.804,0.052,253
25-Jul-17,-0.9855,0.165,0.774,0.061,252.62
26-Jul-17,-0.9868,0.148,0.774,0.078,251.15
27-Jul-17,-0.8343,0.099,0.811,0.09,250.36
28-Jul-17,0.7845,0.064,0.836,0.099,248.69
31-Jul-17,-0.3049,0.099,0.79,0.112,236.26
1-Aug-17,-0.982,0.142,0.794,0.065,227.54
2-Aug-17,-0.8767,0.106,0.825,0.07,234.24
3-Aug-17,-0.9861,0.142,0.824,0.034,236.84
4-Aug-17,-0.9562,0.115,0.812,0.073,237.13
7-Aug-17,-0.9626,0.102,0.852,0.046,237.03
8-Aug-17,-0.97,0.14,0.768,0.092,235.28
9-Aug-17,-0.9831,0.158,0.766,0.076,231.84
10-Aug-17,-0.9169,0.083,0.865,0.053,229.8
11-Aug-17,-0.9148,0.121,0.777,0.101,226.55
15-Aug-17,-0.9782,0.147,0.773,0.08,222.56
16-Aug-17,-0.9957,0.184,0.764,0.052,224.37
17-Aug-17,-0.9633,0.123,0.807,0.07,217.23
18-Aug-17,-0.9947,0.186,0.747,0.066,215.48
21-Aug-17,-0.997,0.198,0.75,0.053,214.16
22-Aug-17,-0.9922,0.156,0.776,0.068,215.3
23-Aug-17,-0.9923,0.165,0.755,0.08,218.66
24-Aug-17,-0.991,0.135,0.825,0.039,215.77
25-Aug-17,-0.9919,0.179,0.75,0.071,218.11
28-Aug-17,-0.9878,0.154,0.784,0.062,207.21
29-Aug-17,-0.9792,0.122,0.815,0.063,196.85
30-Aug-17,-0.9915,0.174,0.748,0.079,187.01
31-Aug-17,-0.9905,0.196,0.717,0.087,177.66
5-Sep-17,-0.9971,0.233,0.703,0.063,168.78
6-Sep-17,-0.2719,0.112,0.763,0.125,160.35
7-Sep-17,-0.89,0.099,0.83,0.071,152.94
8-Sep-17,-0.9418,0.118,0.784,0.097,160.58
11-Sep-17,-0.8519,0.125,0.766,0.109,168.6
12-Sep-17,-0.9468,0.151,0.734,0.115,177.03
13-Sep-17,-0.9842,0.126,0.805,0.07,184.85
14-Sep-17,0.9726,0.086,0.777,0.137,188.49
15-Sep-17,-0.9205,0.108,0.814,0.078,195.53
18-Sep-17,-0.9439,0.141,0.75,0.109,192.79
19-Sep-17,-0.9888,0.144,0.789,0.067,192.16
20-Sep-17,-0.823,0.12,0.777,0.102,188.6
21-Sep-17,-0.8879,0.099,0.813,0.088,184.82
22-Sep-17,-0.9777,0.131,0.802,0.066,185.03
25-Sep-17,-0.9732,0.127,0.805,0.068,185.66
26-Sep-17,-0.9715,0.1,0.84,0.059,180.88
27-Sep-17,0.9394,0.082,0.795,0.124,180.69
28-Sep-17,-0.8014,0.088,0.833,0.079,179.47
29-Sep-17,-0.9844,0.127,0.819,0.054,180.76
2-Oct-17,-0.8156,0.144,0.732,0.124,176.11
3-Oct-17,-0.9703,0.126,0.78,0.094,171.11
4-Oct-17,-0.6827,0.101,0.794,0.105,169.67
5-Oct-17,-0.9789,0.136,0.801,0.063,170.19
6-Oct-17,-0.9834,0.153,0.777,0.07,173.51
9-Oct-17,-0.984,0.148,0.772,0.08,174.87
10-Oct-17,-0.3609,0.067,0.876,0.058,174.9
11-Oct-17,-0.9918,0.144,0.797,0.059,167.83
12-Oct-17,-0.9958,0.159,0.811,0.03,168.17
13-Oct-17,0.7608,0.09,0.801,0.11,167.86
16-Oct-17,-0.9707,0.139,0.78,0.081,170.03
17-Oct-17,-0.9907,0.17,0.777,0.053,168.62
18-Oct-17,-0.9872,0.128,0.811,0.061,167.51
19-Oct-17,-0.9509,0.122,0.796,0.082,170.32
20-Oct-17,-0.9911,0.186,0.729,0.085,172.92
23-Oct-17,-0.8793,0.096,0.827,0.077,172.67
24-Oct-17,-0.9928,0.145,0.819,0.036,171.01
25-Oct-17,-0.9723,0.137,0.773,0.09,171
26-Oct-17,-0.9839,0.131,0.801,0.068,170.61
27-Oct-17,-0.9868,0.17,0.739,0.092,168.76
30-Oct-17,0.8263,0.108,0.762,0.13,165.17
31-Oct-17,-0.9862,0.14,0.791,0.069,160.49
1-Nov-17,-0.9762,0.142,0.763,0.095,164.04
2-Nov-17,-0.9047,0.11,0.795,0.095,164.67
3-Nov-17,-0.9891,0.158,0.79,0.053,167.51
6-Nov-17,0.0015,0.116,0.76,0.124,164.6
7-Nov-17,-0.8602,0.13,0.761,0.11,165.81
8-Nov-17,0.4939,0.085,0.829,0.086,165.86
9-Nov-17,-0.9715,0.105,0.839,0.056,170.28
10-Nov-17,-0.9729,0.12,0.805,0.075,167.98
13-Nov-17,-0.9218,0.116,0.812,0.072,168.07
14-Nov-17,-0.9807,0.136,0.787,0.078,169.87
15-Nov-17,0.1877,0.105,0.778,0.117,165.93
16-Nov-17,-0.9815,0.149,0.768,0.083,168.24
17-Nov-17,-0.9946,0.194,0.742,0.064,167.95
20-Nov-17,-0.978,0.151,0.775,0.074,166.8
21-Nov-17,-0.9587,0.126,0.792,0.082,167.72
22-Nov-17,0.4588,0.099,0.786,0.115,166.01
23-Nov-17,-0.9581,0.106,0.845,0.048,165.53
24-Nov-17,-0.9919,0.156,0.805,0.04,164.76
27-Nov-17,-0.6681,0.111,0.787,0.102,163.22
28-Nov-17,-0.9814,0.186,0.722,0.092,162.23
29-Nov-17,-0.8601,0.12,0.776,0.104,160.93
30-Nov-17,-0.987,0.151,0.781,0.068,163
4-Dec-17,-0.6948,0.117,0.778,0.104,161.65
5-Dec-17,-0.9397,0.128,0.782,0.09,159.58
6-Dec-17,-0.986,0.141,0.789,0.07,158.65
7-Dec-17,-0.9761,0.128,0.811,0.061,152.41
8-Dec-17,-0.9878,0.148,0.802,0.05,155.92
11-Dec-17,-0.9807,0.164,0.735,0.102,154.32
12-Dec-17,-0.9942,0.188,0.731,0.081,156.81
13-Dec-17,-0.9454,0.107,0.825,0.068,156.22
14-Dec-17,-0.327,0.093,0.811,0.097,155.07
15-Dec-17,0.3927,0.119,0.76,0.121,158.63
18-Dec-17,-0.9877,0.183,0.759,0.059,157.6
19-Dec-17,-0.9591,0.115,0.83,0.055,159.12
20-Dec-17,-0.9837,0.151,0.795,0.055,167.01
21-Dec-17,-0.9874,0.15,0.794,0.056,169.15
22-Dec-17,-0.968,0.12,0.803,0.077,170.07
26-Dec-17,-0.9854,0.144,0.793,0.064,170.94
27-Dec-17,-0.9871,0.116,0.845,0.038,170.89
28-Dec-17,-0.9909,0.159,0.799,0.042,169.73
29-Dec-17,-0.4086,0.107,0.788,0.105,167.09
1-Jan-18,-0.9812,0.172,0.7,0.128,173.97
2-Jan-18,-0.9947,0.174,0.767,0.06,179.67
3-Jan-18,-0.9905,0.138,0.812,0.05,178.06
4-Jan-18,-0.9926,0.18,0.758,0.062,181.79
5-Jan-18,-0.9627,0.124,0.793,0.083,185.87
8-Jan-18,-0.937,0.135,0.76,0.105,192.08
9-Jan-18,-0.9967,0.183,0.77,0.048,187.48
10-Jan-18,-0.9971,0.204,0.729,0.067,192.09
11-Jan-18,-0.9854,0.154,0.773,0.073,193.41
12-Jan-18,-0.9986,0.228,0.732,0.04,194.82
15-Jan-18,-0.9953,0.205,0.733,0.062,190.47
16-Jan-18,-0.0088,0.104,0.785,0.111,197.9
17-Jan-18,-0.996,0.185,0.747,0.068,200.74
18-Jan-18,-0.9983,0.238,0.711,0.051,203.51
19-Jan-18,-0.9954,0.162,0.766,0.072,207.09
22-Jan-18,-0.9947,0.197,0.762,0.04,208.88
23-Jan-18,-0.9971,0.182,0.784,0.034,206.27
24-Jan-18,-0.9945,0.19,0.754,0.056,210.75
25-Jan-18,-0.9976,0.252,0.716,0.032,208.68
26-Jan-18,-0.9908,0.161,0.784,0.056,201.9
29-Jan-18,-0.9972,0.211,0.738,0.051,203.53
30-Jan-18,-0.9907,0.149,0.801,0.05,195.55
31-Jan-18,-0.9981,0.212,0.759,0.029,194.02
1-Feb-18,-0.9984,0.261,0.646,0.093,198.45
2-Feb-18,-0.997,0.198,0.765,0.037,197.48
6-Feb-18,-0.998,0.213,0.729,0.058,194.95
7-Feb-18,-0.988,0.162,0.743,0.095,195.11
8-Feb-18,-0.9907,0.144,0.799,0.057,193.29
9-Feb-18,-0.9919,0.155,0.772,0.073,195.22
12-Feb-18,-0.9954,0.194,0.745,0.06,191.51
13-Feb-18,0.7804,0.086,0.802,0.113,197.82
14-Feb-18,-0.9735,0.155,0.738,0.107,204.37
15-Feb-18,-0.9951,0.16,0.768,0.072,204.7
16-Feb-18,-0.9642,0.102,0.853,0.046,211.7
19-Feb-18,-0.9891,0.166,0.75,0.085,212.29
20-Feb-18,-0.9988,0.249,0.704,0.047,207.72
21-Feb-18,-0.9726,0.135,0.781,0.084,204.09
22-Feb-18,-0.9358,0.104,0.835,0.061,210.65
23-Feb-18,0.8752,0.112,0.752,0.136,210.53
26-Feb-18,-0.9801,0.138,0.81,0.052,207.71
27-Feb-18,-0.9876,0.165,0.776,0.059,209.7
28-Feb-18,-0.9509,0.119,0.79,0.09,208.35
1-Mar-18,-0.644,0.125,0.753,0.121,208.14
2-Mar-18,-0.9531,0.093,0.857,0.05,210.09
5-Mar-18,-0.0644,0.085,0.825,0.09,212.86
6-Mar-18,-0.6936,0.098,0.83,0.072,209.48
7-Mar-18,-0.9799,0.129,0.806,0.065,206.67
8-Mar-18,-0.9786,0.133,0.792,0.075,203.47
9-Mar-18,-0.9585,0.106,0.817,0.077,204.66
12-Mar-18,0.7768,0.087,0.811,0.102,205.64
13-Mar-18,-0.978,0.137,0.787,0.077,205.52
14-Mar-18,-0.9962,0.173,0.789,0.038,200.08
15-Mar-18,-0.983,0.154,0.755,0.091,202.35
16-Mar-18,-0.9904,0.135,0.822,0.043,201.78
19-Mar-18,-0.714,0.098,0.82,0.082,199.03
20-Mar-18,-0.9885,0.132,0.833,0.035,204.92
21-Mar-18,-0.981,0.152,0.761,0.087,211.89
22-Mar-18,0.8995,0.077,0.81,0.113,214.71
26-Mar-18,0.9185,0.086,0.787,0.127,213.1
27-Mar-18,-0.9904,0.184,0.718,0.098,210.9
28-Mar-18,-0.9726,0.121,0.798,0.08,208.88
29-Mar-18,-0.6986,0.097,0.818,0.085,208.12
30-Mar-18,0.9246,0.071,0.83,0.099,212.15
2-Apr-18,-0.7274,0.123,0.766,0.111,208.97
3-Apr-18,-0.993,0.174,0.746,0.079,207.82
4-Apr-18,-0.977,0.161,0.744,0.095,209.57
5-Apr-18,0.9828,0.095,0.728,0.177,218.79
6-Apr-18,-0.9947,0.142,0.831,0.027,218.99
9-Apr-18,-0.9617,0.141,0.771,0.088,217.78
10-Apr-18,-0.9874,0.159,0.763,0.077,216.03
11-Apr-18,-0.9837,0.112,0.835,0.052,215.63
12-Apr-18,-0.9894,0.143,0.794,0.063,210.71
13-Apr-18,-0.981,0.139,0.792,0.069,209.17
16-Apr-18,-0.9877,0.145,0.825,0.03,209.05
17-Apr-18,-0.9968,0.239,0.687,0.074,205.87
18-Apr-18,-0.9882,0.187,0.721,0.091,199.29
19-Apr-18,-0.9961,0.182,0.768,0.05,199.54
20-Apr-18,-0.9229,0.147,0.728,0.126,197.44
23-Apr-18,-0.9917,0.195,0.713,0.092,198.37
24-Apr-18,-0.872,0.132,0.78,0.089,200.78
25-Apr-18,-0.9915,0.18,0.752,0.068,199.17
26-Apr-18,-0.9934,0.161,0.797,0.041,195.97
27-Apr-18,-0.9838,0.163,0.73,0.107,196.5
30-Apr-18,-0.9844,0.125,0.817,0.058,194.7
2-May-18,-0.9225,0.107,0.805,0.088,191.07
3-May-18,-0.9874,0.117,0.826,0.057,184.98
4-May-18,-0.8272,0.133,0.758,0.109,181.75
7-May-18,-0.9856,0.145,0.788,0.066,178.01
8-May-18,-0.9958,0.138,0.802,0.06,176.52
9-May-18,-0.9591,0.106,0.809,0.085,176.06
10-May-18,-0.9939,0.165,0.759,0.076,174.57
11-May-18,-0.9981,0.19,0.766,0.043,175.79
14-May-18,-0.9814,0.155,0.759,0.087,170.02
15-May-18,-0.9909,0.153,0.796,0.051,170.01
16-May-18,-0.9885,0.171,0.729,0.099,170.12
17-May-18,-0.9932,0.173,0.746,0.081,168.68
18-May-18,-0.9099,0.103,0.822,0.075,167.93
21-May-18,0.6946,0.098,0.787,0.115,171.75
22-May-18,0.9698,0.065,0.81,0.125,175.17
23-May-18,-0.9629,0.133,0.784,0.083,175.06
24-May-18,-0.9816,0.129,0.803,0.068,174.67
25-May-18,-0.9909,0.121,0.827,0.052,170.61
28-May-18,-0.8196,0.1,0.813,0.086,170.53
29-May-18,-0.816,0.105,0.803,0.092,174.1
30-May-18,-0.995,0.155,0.798,0.046,169.46
31-May-18,-0.8207,0.101,0.814,0.085,171.19
1-Jun-18,-0.983,0.125,0.828,0.047,172.91
4-Jun-18,-0.8853,0.106,0.825,0.07,174.8
5-Jun-18,-0.9939,0.152,0.786,0.062,181.72
6-Jun-18,-0.6908,0.104,0.797,0.099,189.47
7-Jun-18,0.9178,0.081,0.803,0.116,184.88
